fixed acidity,volatile acidity,citric acid,residual sugar,chlorides,free sulfur dioxide,total sulfur dioxide,density,pH,sulphates,alcohol,quality
6.0,0.29,0.41,,,55.0,149.0,,3.09,0.59,,7.0
5.4,0.53,0.16,2.7,,34.0,128.0,,3.2,,,8.0
7.1,0.25,0.39,2.1,,30.0,124.0,,3.28,0.43,,8.0
7.3,,0.35104137659072876,,,31.0,,,3.18,0.47,10.7,5.0
,0.32,0.34,5.7,,27.0,,,3.28,,,7.0
6.3,,0.91,,,50.0,199.0,,3.39,,,6.0
7.0,0.36,0.14,11.6,0.043,35.0,,,,,,5.0
7.6,0.26,0.3604333996772766,,,6.0,106.0,,,0.4,,4.0
8.3,0.18,0.3,1.1,0.033,20.0,57.0,0.99109,,0.51,,6.0
8.7,0.31,0.73,14.35,0.044,27.0,,,2.96,0.88,8.7,5.0
6.4,0.14,0.31,1.2,0.034,53.0,138.0,0.99084,3.38,,,7.0
6.7,0.54,0.17913444340229034,5.4,0.06,21.0,105.0,,3.27,,,5.0
6.3,0.12,0.36,2.1,0.044,47.0,146.0,,3.27,,,7.0
7.6,0.28,0.3519773483276367,,0.052,23.0,116.0,,3.25,,10.4,
5.9,0.22,0.45,,,55.0,122.0,,3.1,,12.8,5.0
6.4,0.27,0.45,,0.05,52.0,196.0,0.9955,,0.48,9.5,5.0
5.2,,0.29,5.15,0.035,64.0,,0.9895,,,,8.0
5.5,0.12,0.3082277476787567,1.0,,23.0,131.0,0.99164,,0.45,9.8,5.0
7.7,0.27,0.34,1.8,0.028,26.0,168.0,0.9911,2.99,0.48,,7.0
6.7,0.26,0.29,,,28.0,100.0,,3.08,0.36,,6.0
5.9,0.24,0.26,12.3,,34.0,,0.9972,,0.45,9.5,6.0
7.4,0.18,0.24,,0.047,21.0,106.0,,3.52,,,7.0
6.9,0.37,0.346132755279541,9.5,0.057,54.0,166.0,0.99568,3.23,0.42,,5.0
,0.13,0.34,9.3,,,126.0,,3.21,,,5.0
5.9,0.27,0.30428963899612427,11.4,,31.0,115.0,,3.35,,,8.0
7.6,0.29,0.29,4.4,0.051,26.0,146.0,0.9939,3.16,,,5.0
6.8,0.35,0.53,10.1,0.053,,151.0,,3.07,,,5.0
5.1,0.35,0.26,,,36.0,120.0,,3.38,,,6.0
8.7,0.23,0.32,13.4,0.044,35.0,,,3.12,,,7.0
8.1,,0.22,,0.047,24.0,151.0,,3.22,0.47,,5.0
6.8,0.26,0.24,7.8,0.052,54.0,214.0,,3.13,0.47,,5.0
7.4,0.27,0.26,,,55.0,,0.99699,3.11,0.6,9.8,5.0
7.1,0.25,0.3643745183944702,10.3,0.041,66.0,272.0,,3.17,0.52,,6.0
7.2,0.27,0.27,2.4,,30.0,149.0,,3.1,0.51,,6.0
7.4,0.24,0.31,8.4,0.045,52.0,183.0,0.9963,3.09,,,5.0
6.1,0.32,0.24,1.5,0.036,38.0,124.0,0.9898,3.29,,12.4,7.0
7.1,0.23,0.35021698474884033,1.6,0.032,12.0,,0.9898,3.25,0.4,,7.0
6.6,0.39,0.38,9.7,,49.0,226.0,,3.3,0.57,,
7.6,0.31,0.3643239736557007,10.5,,21.0,145.0,,,,,5.0
6.0,0.17,0.49,1.0,0.034,26.0,106.0,,3.21,,,6.0
6.0,0.29,0.29616379737854004,15.55,,20.0,,,3.11,,,6.0
6.9,,0.29,13.65,,52.0,189.0,,,,9.5,6.0
6.9,0.3,0.45,1.4,0.039,36.0,122.0,,,,,7.0
5.2,0.28,0.29,,,18.0,69.0,0.99168,3.24,0.54,,6.0
6.3,0.39,0.24,6.9,,9.0,,,3.15,,,4.0
7.0,,0.26,6.85,0.047,30.0,220.0,0.99622,3.38,,,6.0
7.0,0.27,0.74,,0.173,34.0,121.0,,3.04,,,6.0
5.9,0.29,0.25,,,48.0,224.0,0.9981,3.23,,9.0,6.0
6.4,0.24,0.26,,0.054,47.0,182.0,,3.12,0.5,,5.0
7.4,0.33,0.3863465487957001,,,67.0,210.0,0.99907,3.06,0.68,,5.0
7.2,0.4,0.49,,0.048,11.0,138.0,,3.01,0.42,9.3,5.0
7.9,0.16,0.74,,0.037,52.0,187.0,,2.99,0.41,,5.0
6.0,0.22,0.23,,0.045,10.0,122.0,,2.94,,,6.0
6.9,0.19,0.39,8.0,0.028,22.0,84.0,0.994,3.11,0.66,,6.0
7.5,0.19,0.49,1.6,0.047,42.0,140.0,,3.4,,,6.0
7.8,0.3,0.4,1.8,0.028,23.0,122.0,,3.14,0.39,,7.0
6.4,0.17,0.32,2.4,,41.0,200.0,0.9938,3.5,0.5,,
6.1,0.24,0.3,1.5,,22.0,61.0,,3.31,0.54,,5.0
7.0,0.18,0.35902586579322815,1.5,,16.0,104.0,,3.18,0.5,10.8,5.0
7.2,0.23,0.39,14.2,,49.0,192.0,0.9979,2.98,,,7.0
7.9,,0.49,5.2,0.049,33.0,,,3.18,0.47,,6.0
6.2,0.16,0.32,,0.036,74.0,184.0,,,0.41,,6.0
6.3,0.3,0.34,1.6,,14.0,132.0,,3.3,0.49,9.5,6.0
6.1,0.24,0.26,1.7,0.033,61.0,134.0,,3.19,0.81,11.9,
6.7,0.18,0.19,4.7,,57.0,,,3.32,0.66,10.5,6.0
7.3,0.19,0.25,1.4,0.051,41.0,107.0,,3.53,,10.5,7.0
6.0,0.16,0.37,,0.025,43.0,117.0,,3.46,0.51,,6.0
8.3,0.25,0.49,16.8,,50.0,228.0,,3.03,0.52,,6.0
7.2,0.17,0.3586360514163971,6.4,0.042,16.0,,,2.99,0.4,,6.0
7.6,0.2,0.38421711325645447,4.5,,37.0,133.0,0.9963,3.15,0.42,,5.0
8.3,0.39,0.7,10.6,0.045,33.0,169.0,0.9976,3.09,0.57,,5.0
6.2,0.28,0.27,10.3,0.03,26.0,108.0,,,,10.7,6.0
7.1,0.53,0.24,0.8,0.029,29.0,86.0,,,0.32,,4.0
7.6,0.67,0.14,1.5,,25.0,168.0,,3.05,0.51,9.3,5.0
7.7,0.25,0.3,7.8,0.038,67.0,196.0,0.99555,3.1,0.5,,5.0
6.9,0.19,0.35,13.5,,49.0,118.0,0.99546,3.0,,10.7,6.0
7.6,0.16,0.44,,0.043,25.0,109.0,0.9932,3.11,,,6.0
6.6,0.25,0.3,1.6,0.046,32.0,134.0,,,0.51,,7.0
5.0,0.3,0.33,3.7,0.03,54.0,173.0,0.9887,3.36,0.3,,7.0
7.4,0.19,0.34845882654190063,9.3,0.03,26.0,132.0,0.994,2.99,0.32,,7.0
7.1,0.34,0.86,1.4,0.174,36.0,99.0,0.99288,,0.5,,5.0
6.2,0.2,0.3243514895439148,1.6,,17.0,,,,0.52,,
6.9,0.22,0.33862966299057007,5.8,,20.0,119.0,,3.17,0.55,,6.0
7.9,0.42,0.49,8.2,,32.0,164.0,,,0.6,,7.0
7.0,0.3,0.49,,,17.0,105.0,,3.26,0.68,,7.0
7.7,0.27,0.35,5.3,,30.0,117.0,,3.11,,,6.0
6.4,0.32,0.26,7.9,0.05,53.0,180.0,,,0.5,,5.0
6.3,0.23,0.21,,,,142.0,0.9942,3.36,0.33,10.1,7.0
6.1,0.17,0.42,15.1,0.033,28.0,124.0,,,0.47,,5.0
7.5,0.23,0.49,,0.049,,209.0,,3.14,0.3,11.1,7.0
6.4,0.105,0.29,,0.035,44.0,140.0,,3.17,,,7.0
8.0,0.55,0.42,12.6,,37.0,213.0,,,0.56,,5.0
6.7,0.25,0.33,2.9,,52.0,173.0,,,0.48,,7.0
5.7,0.18,0.26,2.2,0.023,21.0,95.0,,3.07,,,6.0
5.5,0.15,0.32,14.0,,16.0,,,3.26,0.38,11.5,8.0
7.3,0.25,0.41,1.8,0.037,52.0,,,,0.39,12.2,7.0
7.9,0.35,0.28,12.9,0.032,13.0,63.0,,2.99,0.43,,6.0
6.1,0.27,0.28,9.8,0.042,61.0,125.0,,3.14,,,6.0
6.8,0.46,0.26,6.3,0.147,49.0,159.0,,3.14,0.47,,5.0
6.4,0.22,0.34,1.4,,56.0,115.0,0.98958,3.18,,,6.0
6.8,,0.37,8.2,0.055,,192.0,0.99586,3.11,0.52,,6.0
6.7,0.14,0.46,,,15.0,92.0,,3.37,0.49,,5.0
7.0,0.31,0.31,9.1,0.036,45.0,140.0,0.99216,2.98,0.31,12.0,7.0
6.8,0.28,0.353740394115448,,0.132,42.0,127.0,,3.09,,9.1,6.0
6.4,0.24,0.49,5.8,0.053,25.0,120.0,0.9942,3.01,0.98,,6.0
6.8,0.25,0.338411808013916,,0.043,53.0,133.0,,3.03,0.58,10.4,6.0
7.2,0.23,0.39,14.2,0.058,49.0,192.0,,,0.48,,7.0
6.1,0.16,0.31910982728004456,6.1,,31.0,114.0,,,0.58,10.15,7.0
5.5,0.12,0.33,,0.038,23.0,,0.99164,3.25,,,5.0
5.0,0.35,0.25,7.8,,24.0,116.0,,3.39,0.4,11.3,6.0
8.1,0.2,0.4,,0.037,19.0,87.0,,3.12,0.54,,6.0
9.2,0.25,0.34,,,31.0,93.0,,2.93,0.37,11.3,7.0
5.9,0.2,0.23,1.5,0.037,38.0,93.0,,,,,
7.4,0.25,0.37,,,52.0,192.0,,3.0,0.44,,5.0
7.5,0.24,0.62,10.6,0.045,51.0,153.0,,,,,5.0
6.1,0.33,0.3,,,30.0,,,3.31,,,7.0
6.6,0.33,0.4,2.65,,35.0,86.0,0.98916,3.11,0.39,,7.0
7.3,0.23,0.24,0.9,0.031,29.0,86.0,0.98926,2.9,,,6.0
6.0,0.29,0.2,,,45.0,187.0,0.9972,3.33,0.42,,5.0
7.3,,0.27,13.9,,45.0,,,2.94,,8.8,8.0
6.5,0.38,0.34,,0.036,34.0,200.0,0.9937,,0.76,,5.0
6.1,0.21,0.3,6.3,,,136.0,0.99068,,0.31,,6.0
6.2,0.12,0.34,1.5,,43.0,117.0,,,,,6.0
6.5,0.29,0.52,7.9,0.049,35.0,,,3.16,0.51,,6.0
5.7,0.265,0.28,,,46.0,150.0,,3.36,0.44,,7.0
7.0,0.2,0.33,,0.03,25.0,76.0,0.99202,2.88,,10.5,6.0
,0.34,0.31,6.0,,18.0,68.0,0.98981,3.22,,,7.0
7.7,0.28,0.24,,,29.0,157.0,0.99312,3.27,0.56,,6.0
6.4,0.1,0.35,,0.048,31.0,103.0,0.9947,3.43,,,6.0
6.2,0.25,0.38,7.9,,54.0,208.0,0.99572,3.17,,9.1,5.0
6.2,0.23,0.38,1.6,,12.0,113.0,,3.3,0.73,,5.0
6.9,0.2,0.5,10.0,,78.0,167.0,,3.15,0.55,,6.0
7.1,,0.36,6.8,,44.5,234.0,,3.49,0.64,,6.0
6.5,0.22,0.31,3.9,0.046,17.0,106.0,0.99098,3.15,,,5.0
7.3,0.34,0.21,3.2,,14.0,136.0,0.9936,3.25,0.44,,5.0
7.0,0.24,0.3,,0.035,72.0,172.0,,2.99,,,6.0
7.5,0.19,0.4,7.1,,50.0,,,3.06,,,6.0
7.6,0.34,0.39,,0.04,45.0,215.0,,3.11,,,6.0
,0.26,0.32,3.7,,29.0,193.0,,3.1,0.67,,6.0
6.6,,0.36,8.0,,57.0,168.0,,3.15,,,
5.8,0.28,0.34,2.2,,24.0,125.0,0.98986,3.36,0.33,12.8,8.0
6.2,0.23,0.36,17.2,0.039,37.0,130.0,,3.23,,,6.0
7.0,0.55,0.05,8.0,0.036,19.0,164.0,,3.26,0.46,,6.0
6.4,0.25,0.32,5.5,0.049,41.0,176.0,0.995,3.19,,,6.0
6.7,0.24,0.36,,,42.0,123.0,,3.34,,,6.0
7.4,0.35,0.31,17.95,,42.0,187.0,,3.27,0.64,,5.0
6.9,0.41,0.33,10.1,0.043,28.0,152.0,0.9968,,0.52,,5.0
6.5,0.29,0.26,7.0,0.04,18.0,113.0,,3.17,,,6.0
6.2,0.27,0.32,,0.047,65.0,224.0,,3.17,0.47,,5.0
6.9,0.25,0.47,8.4,0.042,36.0,156.0,0.99604,3.15,,9.4,6.0
6.1,0.16,0.29,,,29.0,144.0,,3.68,,,6.0
7.4,0.21,0.3762798309326172,1.2,0.041,27.0,99.0,0.9927,3.19,0.33,,6.0
5.2,0.16,0.34,0.8,,26.0,77.0,,3.25,0.51,10.1,6.0
6.0,0.16,0.3,6.7,0.043,43.0,153.0,,,,,5.0
6.5,0.3,0.32,2.0,,34.0,90.0,,3.37,0.68,,7.0
7.8,0.445,0.56,1.0,0.04,8.0,84.0,0.9938,,0.43,10.8,5.0
5.7,0.21,0.32,1.6,0.03,33.0,,,3.33,0.52,,6.0
8.1,0.2,0.28,,0.023,49.0,87.0,0.99062,2.92,,,6.0
6.6,0.39,0.29789999127388,9.2,,10.0,92.0,,3.07,0.35,12.1,6.0
6.4,0.27,0.32,4.5,,61.0,174.0,0.9948,3.12,,,
6.2,0.25,0.3429723381996155,10.0,0.044,78.0,240.0,,,0.47,,6.0
6.4,0.34,0.44,8.2,,54.0,201.0,,,0.48,,5.0
6.2,0.24,0.27,16.8,0.04,,129.0,,3.23,0.38,,6.0
6.7,0.26,0.354992151260376,6.4,0.171,64.0,200.0,,3.19,0.38,,6.0
6.0,0.29,0.41,,0.048,55.0,149.0,0.9937,3.09,0.59,,7.0
6.7,0.38,0.26,9.55,,35.0,91.0,,2.98,0.37,,6.0
6.2,0.35,0.03,,0.064,,120.0,,3.22,0.54,,5.0
7.9,0.18,0.37,1.2,0.04,16.0,,,,,,5.0
6.3,0.35,0.26,17.6,,59.0,198.0,0.99918,3.11,0.49,,5.0
6.2,0.25,0.39,,,42.0,135.0,0.9906,3.23,0.4,,6.0
6.0,0.34,0.24,5.4,,23.0,126.0,,3.25,0.44,,7.0
6.9,0.26,0.27,4.2,0.031,20.0,,,,0.39,,6.0
5.6,0.23,0.29,3.1,,19.0,89.0,0.99068,3.25,0.51,,6.0
6.5,0.22,0.19,,,16.0,115.0,,,,9.6,5.0
5.8,0.28,0.3,3.9,0.026,36.0,105.0,,3.26,,,6.0
7.4,0.25,0.37,2.6,,24.0,132.0,0.99138,3.04,,11.2,6.0
6.4,0.23,0.3,,,63.0,,0.9952,3.06,0.34,,6.0
6.9,0.25,0.33907175064086914,9.2,0.034,42.0,150.0,,3.21,,,6.0
7.3,0.16,0.35,1.5,0.036,29.0,108.0,0.99342,3.27,0.51,10.2,6.0
6.8,0.32,0.3,,,22.0,,,3.24,,,5.0
5.9,0.18,0.29,,,68.0,,,3.21,0.38,,6.0
5.6,0.12,0.26,,0.038,18.0,97.0,0.99477,3.36,0.46,,5.0
7.2,0.44,0.28,3.4,,22.0,112.0,,3.21,0.37,11.3,7.0
6.1,0.19,0.37,2.6,0.041,24.0,99.0,,3.18,0.5,,6.0
7.6,0.35,0.47,13.3,0.037,42.0,116.0,,3.04,0.5,9.2,5.0
6.7,0.34,0.3,8.5,0.059,24.0,152.0,,3.46,,11.0,7.0
6.5,0.36,0.38,10.2,0.028,20.0,,,3.1,,12.1,7.0
7.4,0.26,0.3,7.9,,38.0,157.0,0.9963,,0.48,,6.0
7.0,0.21,0.34,8.5,0.033,31.0,253.0,,,0.56,,6.0
9.1,0.33,0.38,1.7,0.062,50.5,,,,,,5.0
7.3,0.28,0.54,,0.049,62.0,162.5,0.9984,3.06,0.45,,6.0
7.3,0.25,0.39,,,8.0,84.0,,3.18,0.46,,5.0
6.4,0.25,0.37,4.5,0.039,41.0,147.0,,3.18,0.4,,7.0
5.8,0.2,0.16,1.4,0.042,44.0,99.0,,,,,6.0
6.3,0.6,0.44,,0.05,50.0,245.0,,3.19,,,
6.3,0.24,0.55,,0.04,67.0,216.0,,,,,5.0
5.9,0.32,0.28,,,34.0,94.0,,,0.57,,7.0
5.8,0.29,0.28966233134269714,3.7,,30.0,,,,0.42,,6.0
6.9,0.25,0.3,4.1,,23.0,116.0,0.994,2.99,,,6.0
6.8,0.3,0.35,2.8,0.038,10.0,164.0,0.9912,3.09,,,6.0
6.6,0.2,0.27,10.9,,29.0,,0.99496,3.11,0.44,,7.0
6.8,0.64,0.08,9.7,0.062,26.0,142.0,,3.37,0.46,,4.0
6.6,0.31,0.28,1.4,,28.0,107.0,,3.0,0.4,,6.0
7.3,0.27,0.37,,0.042,36.0,130.0,,3.48,0.75,,6.0
8.4,0.2,0.31,,,16.0,89.0,,2.96,0.45,9.5,6.0
6.6,0.3,0.25,,,21.0,124.0,,3.06,0.38,,6.0
5.4,0.5,0.13,5.0,,12.0,107.0,,3.48,0.88,,7.0
6.0,,0.33,6.0,0.036,30.0,111.0,,,,,7.0
6.5,0.35,0.3334311842918396,,,86.0,213.0,,,0.51,,6.0
6.7,0.51,0.25029247999191284,2.1,,14.0,155.0,,,0.6,,6.0
6.6,0.25,0.3577418923377991,,,40.0,183.0,0.998,3.02,0.5,9.1,6.0
7.4,0.36,0.23,,,31.0,69.0,,2.93,0.36,12.5,6.0
6.9,0.23,0.34250107407569885,,,45.0,116.0,0.99244,2.8,0.54,,6.0
6.4,0.4,0.19,,,28.0,124.0,0.9904,3.22,,12.7,7.0
6.4,0.68,0.26,3.4,0.069,25.0,146.0,,3.18,,,5.0
5.1,0.14,0.25,0.7,,,89.0,0.9919,3.22,0.43,9.2,6.0
6.5,0.18,0.33,8.0,,16.0,131.0,,3.28,,,7.0
4.2,0.215,0.23,5.1,,,157.0,0.99688,3.42,,,3.0
6.2,,0.32,1.1,0.036,74.0,184.0,,3.22,,,6.0
6.7,0.24,0.32777220010757446,5.4,,15.0,94.0,,3.15,0.38,12.7,6.0
6.5,0.23,0.36,16.3,,43.0,133.0,,3.26,,,5.0
6.7,0.25,0.3471255600452423,19.4,,44.0,169.0,,3.51,,,6.0
7.2,0.22,0.35,,,37.0,183.0,0.99474,3.08,,,5.0
6.0,0.24,0.41,1.3,,42.0,118.0,0.99018,3.04,,,6.0
7.3,0.24,0.33745667338371277,,0.021,20.0,69.0,,3.08,0.56,12.2,6.0
7.6,0.23,0.4,,,14.0,91.0,0.99488,3.17,0.8,9.7,5.0
7.6,0.2,0.39,2.6,0.044,30.0,180.0,0.9941,,,,7.0
6.3,0.15,0.3,1.4,,38.0,100.0,,3.42,,,
7.8,0.26,0.31,3.6,0.025,22.0,100.0,0.99066,2.99,,,7.0
6.5,0.425,0.4,13.1,,59.0,241.0,,,0.57,9.0,5.0
7.0,0.23,0.33,5.8,0.04,25.0,136.0,,3.19,,,6.0
7.1,0.28,0.19,7.8,0.04,48.0,184.0,0.99579,3.16,,,5.0
7.0,0.23,0.33,,,46.0,110.0,,3.04,0.65,,6.0
6.3,0.3,0.3138640522956848,5.0,,36.0,168.0,0.99505,3.22,,,6.0
7.5,0.26,0.59,11.8,0.046,58.0,,0.99814,3.17,0.46,8.9,4.0
5.8,0.32,0.2,2.6,0.027,17.0,123.0,,3.36,0.78,13.9,7.0
7.3,,0.26,,0.04,32.0,172.0,,3.27,0.48,11.2,6.0
7.6,0.23,0.26,15.3,0.067,32.0,166.0,,3.03,0.44,,4.0
7.6,0.18,0.46,10.2,,58.0,135.0,0.9968,3.14,0.43,,6.0
7.0,0.3,0.51,,0.05,,168.0,0.9976,3.07,0.52,,7.0
7.7,0.16,0.49,2.0,,20.0,124.0,0.9948,3.32,0.49,,6.0
6.9,0.75,0.13,6.3,0.036,19.0,,0.99312,3.09,,,4.0
7.1,0.36,0.4,1.95,,26.0,118.0,,3.2,0.45,,7.0
6.8,0.22,0.49,,0.052,26.0,128.0,,,,11.4,6.0
5.6,0.19,0.26,,0.03,12.0,76.0,,3.25,,10.9,7.0
6.8,0.32,0.43,,,4.0,65.0,,3.27,0.47,,5.0
8.4,0.29,0.29,,,4.0,,,,0.32,,4.0
6.9,,0.38,,0.112,14.0,94.0,0.99792,,0.48,,5.0
6.5,0.27,0.26,11.0,0.03,2.0,82.0,,3.07,0.36,,5.0
6.2,0.36,0.45,,0.06,22.0,184.0,0.99711,3.31,0.56,,6.0
6.3,0.21,0.33,,,68.0,179.0,0.9971,3.36,0.5,,
6.9,0.39,0.22,4.3,,10.0,,,3.0,,,4.0
,0.34,0.3,8.0,0.048,25.0,192.0,,2.97,0.47,10.9,5.0
6.8,,0.3394746780395508,1.4,,,137.0,0.9935,3.11,,,5.0
7.2,,0.37,1.6,0.049,23.0,94.0,,3.16,,,7.0
,0.3,0.36,10.0,0.042,33.0,169.0,,3.23,0.51,9.3,6.0
7.9,0.3,0.27,8.5,0.036,20.0,,,2.96,,11.7,6.0
6.0,0.28,0.29,19.3,,36.0,174.0,0.99911,3.14,,,5.0
8.8,0.39,0.35,1.8,0.096,22.0,80.0,0.99016,2.95,0.54,,6.0
7.5,0.2,0.41,,,26.0,131.0,,,,,5.0
6.8,0.26,0.3526645302772522,1.9,,70.0,154.0,,3.18,0.52,10.5,5.0
7.3,0.51,0.29,,,61.0,224.0,,3.14,0.56,,6.0
8.2,,0.48,1.4,,11.0,99.0,,3.17,0.57,,5.0
7.1,0.55,0.13,1.7,,21.0,,,2.97,0.58,,6.0
5.6,0.35,0.4,6.3,0.022,23.0,174.0,0.9922,3.54,,11.6,7.0
7.5,0.24,0.29,,,34.0,84.0,,3.04,,,6.0
7.6,0.3,0.22,,0.049,57.0,191.0,,,0.4,,
6.1,0.25,0.48,15.8,0.052,25.0,94.0,0.99782,3.07,,,6.0
8.6,0.2,0.42,,0.041,35.0,125.0,0.9925,3.11,,11.4,7.0
7.5,0.15,0.38,1.8,,19.0,101.0,0.9946,3.24,0.44,,5.0
6.0,0.23,0.15,,,101.0,207.0,0.99571,3.05,,,5.0
7.4,,0.31,2.4,0.043,58.0,178.0,,3.42,,,6.0
7.2,0.19,0.46,3.8,0.041,82.0,,0.9932,3.19,,,7.0
,0.26,0.31,3.6,0.03,36.0,92.0,0.99026,3.22,0.62,,8.0
7.2,0.39,0.63,11.0,0.044,55.0,156.0,,,0.44,,6.0
5.8,0.24,0.26,10.05,0.039,63.0,162.0,,3.33,,11.2,6.0
5.3,0.21,0.29,0.7,0.028,11.0,66.0,,3.3,0.4,,5.0
6.9,,0.35,1.0,0.052,35.0,146.0,,3.45,0.44,,6.0
6.0,0.24,0.28,3.95,0.038,61.0,134.0,,,0.54,,7.0
9.4,0.23,0.56,16.45,,52.5,282.0,,3.1,0.51,,5.0
7.4,0.26,0.29,3.7,,14.0,73.0,,3.06,,,6.0
7.7,0.25,0.3732963502407074,,0.038,,196.0,0.99555,3.1,,,5.0
6.7,0.31,0.33,2.0,,12.0,74.0,,3.29,0.65,12.5,6.0
6.5,0.27,0.19,4.2,0.046,6.0,114.0,,3.25,,8.6,4.0
7.1,0.23,0.39,13.7,,26.0,172.0,0.99755,2.9,0.46,9.0,
7.1,0.36,0.37,4.8,0.019,39.0,114.0,,3.08,0.49,,7.0
6.2,0.16,0.34,1.7,0.038,85.0,153.0,,3.33,,,7.0
5.8,0.24,0.39,1.5,,37.0,158.0,,3.21,,,6.0
6.6,0.23,0.18,,0.044,59.0,188.0,,,0.49,,5.0
7.7,0.25,0.36360636353492737,4.5,,20.0,115.0,0.9966,3.38,0.5,,6.0
5.2,0.2,0.27,,0.047,16.0,93.0,0.99235,3.44,0.53,,7.0
7.2,0.24,0.29,,0.036,17.0,117.0,,3.36,,10.1,6.0
6.3,0.27,0.49,1.2,0.063,35.0,92.0,0.9911,,,,6.0
6.8,0.31,0.19,,0.086,30.0,130.0,,2.83,0.44,,5.0
7.3,0.25,0.36,2.1,0.034,30.0,177.0,,3.25,,,8.0
7.6,0.18,0.36,2.4,,38.0,123.0,,3.6,0.46,,5.0
8.6,0.27,0.3700474500656128,6.1,0.032,13.0,41.0,0.993,,0.34,10.9,5.0
7.0,,0.3579285740852356,1.7,,48.0,189.0,,3.25,0.42,,6.0
6.3,0.39,0.35,5.9,,82.5,260.0,,3.12,,,
7.4,0.24,0.3700205087661743,10.1,,21.0,105.0,0.9962,3.13,,,5.0
7.2,0.4,0.49,1.1,,11.0,138.0,,,,,5.0
7.7,0.28,0.58,12.1,0.046,60.0,177.0,,,,,5.0
14.2,0.27,0.49,1.1,,33.0,156.0,,3.15,,11.1,6.0
7.6,0.3,0.38,,,10.0,98.0,0.99296,,0.65,,5.0
6.0,0.32,0.3,1.3,,18.0,112.0,0.98802,3.07,0.64,,7.0
6.4,0.24,0.29,11.4,,32.0,166.0,0.9968,3.31,0.45,,5.0
6.6,0.3,0.3,,0.17,60.0,166.0,,3.18,0.47,,5.0
7.6,0.17,0.27,,,23.0,98.0,0.99422,3.08,0.47,,6.0
6.2,0.1,0.41,1.0,,17.0,76.0,0.98988,3.14,,,7.0
6.0,0.33,0.18,3.0,0.036,5.0,85.0,,3.28,,11.5,4.0
6.8,0.18,0.32,7.2,,17.0,109.0,,3.42,0.44,,6.0
6.7,0.21,0.48,14.8,,31.0,195.0,0.99942,2.95,,,6.0
6.9,0.33,0.28,,,37.0,187.0,0.9927,3.27,,,5.0
8.4,0.2,0.4128574728965759,11.8,0.055,51.0,170.0,,3.34,0.82,8.9,6.0
5.5,0.42,0.09,1.6,,18.0,,0.9906,3.33,0.51,11.4,7.0
6.6,0.4,0.3088516592979431,,,39.0,84.0,0.99096,3.59,0.48,12.7,7.0
7.0,0.22,0.3477814197540283,,,40.0,120.0,,2.98,,,6.0
6.6,0.34,0.25,,0.038,16.0,121.0,0.99198,,0.71,,6.0
6.8,0.34,0.3185608685016632,1.3,0.058,12.0,171.0,0.9931,,,,5.0
5.3,0.32,0.25247105956077576,9.65,,26.0,119.0,0.99168,,,,6.0
7.1,0.27,0.3365146517753601,10.4,0.041,26.0,114.0,,,0.52,,7.0
6.5,0.18,0.41,14.2,0.039,47.0,129.0,0.99678,3.28,,,7.0
6.7,0.32,0.31311744451522827,,0.031,31.0,114.0,,3.12,0.35,,6.0
6.9,0.25,0.34,1.3,0.035,27.0,82.0,,3.18,,,6.0
6.0,0.26,0.34,,0.046,6.0,29.0,0.9924,3.29,0.63,,
8.2,0.25,0.3828217685222626,,0.05,14.0,102.0,,3.28,,,5.0
7.0,0.19,0.34918713569641113,6.3,,42.0,127.0,0.99182,3.31,,,6.0
5.9,0.23,0.3100479245185852,12.9,,57.0,,,3.28,0.39,9.4,5.0
3.9,0.225,0.4,,0.03,29.0,118.0,,3.57,0.36,12.8,8.0
6.8,0.21,0.27,18.15,,41.0,146.0,,,,8.7,5.0
6.5,0.29,0.3,9.15,0.051,25.0,166.0,,3.24,0.56,,6.0
6.5,0.24,0.28,1.1,0.034,26.0,83.0,,3.25,0.33,,6.0
8.4,0.22,0.28,18.8,0.028,55.0,,0.998,2.96,,,5.0
7.5,0.18,0.45,4.6,0.041,67.0,158.0,0.9927,,0.38,,6.0
9.5,0.21,0.47,1.3,,21.0,123.0,,2.9,,,5.0
5.6,0.175,0.29,0.8,,20.0,67.0,,3.28,0.48,,6.0
6.9,0.21,0.33,1.8,0.034,48.0,136.0,,3.25,0.41,,7.0
6.7,,0.36,2.3,0.039,43.0,,0.99229,3.07,0.67,,7.0
6.4,0.22,0.32,7.2,0.028,15.0,83.0,,,0.55,,8.0
6.3,0.21,0.58,10.0,,34.0,126.0,0.9962,2.95,,8.9,5.0
8.0,,0.36,1.5,,14.0,122.0,0.9941,3.2,,,4.0
6.3,0.17,0.3275529742240906,,,44.0,147.0,,3.08,0.54,10.0,5.0
6.9,0.35,0.55,11.95,,22.0,111.0,0.99687,3.11,,,5.0
7.3,0.2,0.378806471824646,19.5,0.039,69.0,237.0,,3.1,,9.2,6.0
6.7,,0.74,5.0,,35.0,157.0,0.9945,3.21,0.46,9.9,5.0
7.6,0.23,0.34,,0.043,24.0,,,3.12,,,5.0
7.8,0.2,0.24,1.6,0.026,26.0,189.0,,3.08,0.74,,7.0
6.4,0.27,0.2891889214515686,1.9,0.085,21.0,196.0,,3.49,,,4.0
7.0,0.15,0.28,14.7,0.051,29.0,149.0,,,0.39,,7.0
7.8,0.18,0.31,12.2,0.053,46.0,140.0,,3.06,,,6.0
6.8,0.23,0.32,,,43.0,147.0,,,0.54,,6.0
6.6,0.21,0.29,,0.029,43.0,,,2.93,0.43,,7.0
6.4,0.24,0.49,5.8,,25.0,120.0,0.9942,3.01,,,6.0
6.6,0.34,0.34102052450180054,8.1,0.046,68.0,170.0,,3.15,,,6.0
6.1,0.21,0.38,1.5,0.039,37.0,122.0,,3.2,0.43,,6.0
6.8,0.25,0.18,,0.056,13.0,137.0,,,0.42,9.5,5.0
8.1,0.17,0.21,,0.036,24.0,119.0,,3.18,0.52,,6.0
7.7,0.4,0.3343108892440796,,0.034,27.0,95.0,0.99175,,,12.3,8.0
5.5,0.29,0.3,1.1,,20.0,110.0,0.98869,3.34,,,7.0
4.9,0.335,0.14,1.3,0.036,69.0,168.0,,3.47,0.46,,5.0
6.4,0.31,0.53,,0.057,36.0,221.0,0.99642,3.17,,,5.0
5.8,0.25,0.28,11.1,0.056,45.0,175.0,,3.42,,,5.0
6.6,0.24,0.27,1.4,0.057,33.0,152.0,,3.22,0.56,9.5,6.0
6.4,0.23,0.35,,0.042,54.0,140.0,0.9967,3.23,0.47,9.2,5.0
5.6,0.245,0.254156231880188,9.7,,12.0,68.0,,3.31,0.34,,5.0
5.8,0.4,0.42,4.4,,,245.0,0.9937,3.25,0.57,,6.0
6.7,0.18,0.3,6.4,0.048,40.0,251.0,,3.29,,,5.0
5.7,0.24,0.47,6.3,,35.0,182.0,,3.11,0.46,9.75,5.0
7.5,0.31,0.24,7.1,,28.0,141.0,,3.16,,,7.0
5.9,0.28,0.34,,0.04,50.0,194.0,,3.31,0.52,11.6,6.0
6.9,0.33,0.21,,0.053,39.0,148.0,,3.12,,9.4,6.0
7.6,0.21,0.6,,0.046,47.0,165.0,0.9936,3.05,,,7.0
7.0,0.21,0.22,5.1,0.048,38.0,,,3.34,,,6.0
6.8,0.19,0.71,17.5,,21.0,114.0,,,,,6.0
,0.22,0.49,1.0,,34.0,140.0,0.99,,,,6.0
7.0,,0.28,8.6,0.045,37.0,221.0,0.9954,3.25,0.54,,6.0
7.2,0.24,0.3,,,11.0,95.0,0.98914,2.96,0.36,12.5,6.0
7.2,0.39,0.62,11.0,,66.0,178.0,,3.16,,,5.0
6.8,0.18,0.3,12.8,0.062,19.0,171.0,,3.0,0.52,9.0,7.0
7.2,0.16,0.26,7.1,0.054,41.0,224.0,0.9966,3.38,,,5.0
7.0,0.16,0.3,2.6,0.043,34.0,90.0,,2.88,0.47,,6.0
6.7,0.45,0.3,5.3,,27.0,165.0,,3.12,0.46,12.2,6.0
7.2,0.25,0.39,18.95,0.038,42.0,,,2.97,,9.0,6.0
6.9,0.19,0.4,1.4,0.036,14.0,,0.9909,3.08,,,7.0
8.1,0.24,0.33,10.2,0.048,46.0,141.0,,3.16,0.48,,6.0
6.8,0.34,0.74,2.8,,23.0,185.0,,3.51,,,6.0
7.4,0.49,0.24,15.1,0.03,34.0,153.0,0.9953,,,12.0,7.0
,0.22,0.29,4.8,,,87.0,,3.14,,,5.0
7.1,0.12,0.3871883451938629,9.6,,64.0,162.0,,3.4,,9.4,5.0
7.3,0.3,0.74,13.5,,46.0,165.0,,3.02,0.4,,5.0
7.8,0.42,0.26,9.2,0.058,34.0,199.0,,,,,6.0
5.6,0.24,0.34,,0.041,14.0,73.0,0.98981,3.04,0.45,,7.0
7.3,0.28,0.3895176351070404,12.9,0.049,62.0,152.0,0.9984,3.06,0.45,,6.0
7.8,0.26,0.37660709023475647,7.5,0.044,59.0,160.0,0.996,,0.64,,6.0
6.2,0.38,0.18,7.4,0.095,28.0,195.0,,3.53,0.71,,4.0
6.5,0.26,0.74,13.3,0.044,68.0,224.0,0.9972,3.18,0.54,9.5,6.0
8.0,0.55,0.30074456334114075,,,13.0,60.0,,3.09,,,4.0
6.9,0.26,0.31,7.0,0.039,37.0,175.0,,,0.49,11.4,6.0
6.8,0.16,0.36,,,32.0,98.0,0.99058,,,11.3,6.0
6.8,,0.34,15.1,0.06,42.0,162.0,,3.24,0.52,,3.0
6.0,,0.0,0.8,,30.0,95.0,0.99032,3.1,,,4.0
6.0,0.13,0.28,5.7,0.038,56.0,,0.9948,,0.43,,7.0
6.8,0.25,0.3325822949409485,4.7,,34.0,134.0,0.9927,3.21,0.38,,6.0
6.4,0.2,0.28,2.5,,24.0,,0.99168,3.31,0.55,,5.0
5.5,0.24,0.32,8.7,0.06,,102.0,0.994,3.27,,,5.0
6.8,0.46,0.26,2.7,,28.0,83.0,,3.38,0.51,,8.0
6.1,0.22,0.3281758427619934,1.85,0.031,25.0,111.0,0.98966,3.03,,,7.0
6.9,0.38,0.25,9.8,,28.0,191.0,,3.28,,9.2,5.0
5.8,0.32,0.2947803735733032,4.75,,23.0,,0.991,3.42,0.42,,7.0
6.0,0.28,0.27,,0.036,31.0,134.0,0.99408,,0.44,13.0,
6.8,0.31,0.29725006222724915,3.5,0.086,30.0,130.0,0.993,2.83,,,5.0
7.2,0.27,0.42,1.6,0.05,35.0,135.0,0.992,2.94,0.46,,6.0
5.8,0.32,0.3003363609313965,,0.032,46.0,115.0,,3.16,,,8.0
8.1,0.26,0.3,7.8,,39.0,152.0,0.9954,2.99,0.58,,6.0
,0.22,0.34942227602005005,,0.056,49.0,158.0,0.9998,3.37,0.38,,6.0
7.1,0.16,0.36,10.7,,20.0,,,3.16,0.44,,7.0
7.6,,0.36809808015823364,1.2,0.04,10.0,104.0,0.992,,,,6.0
7.5,0.23,0.3668332099914551,7.0,0.036,43.0,161.0,0.9938,3.04,,,5.0
8.0,0.74,0.21,4.0,0.05,24.0,133.0,0.99418,3.06,,,5.0
5.9,0.15,0.31,5.8,,53.0,155.0,,3.52,,,6.0
7.6,0.31,0.49,3.95,,27.0,131.0,0.9912,,,,7.0
7.6,0.23,0.49,10.0,0.036,45.0,182.0,0.9967,,,,6.0
6.8,0.19,0.58,14.2,,51.0,164.0,,3.12,0.48,,
6.2,0.3,0.3,2.5,,29.0,,0.99065,3.31,0.61,,7.0
6.2,0.3,0.31,,,40.0,106.0,0.98914,3.26,0.39,12.9,7.0
7.0,0.2,0.37,2.0,0.03,26.0,136.0,0.9932,3.28,,10.2,6.0
6.7,0.27,0.3605520725250244,15.7,,44.0,179.0,0.9979,3.26,0.56,,
5.9,0.2,0.28,1.0,0.043,45.0,100.0,,3.4,0.41,11.4,6.0
7.8,0.15,0.24,7.7,0.047,21.0,98.0,,2.94,0.31,,6.0
6.2,0.2,0.26,1.7,0.093,40.0,,0.9924,3.44,0.66,,5.0
6.6,0.34,0.24,3.3,0.034,29.0,99.0,,3.1,0.4,,7.0
7.0,0.34,0.3,1.8,0.045,44.0,142.0,0.9914,2.99,,,6.0
8.0,0.45,0.28,10.8,0.051,25.0,157.0,,3.06,,,7.0
5.2,0.335,0.2,1.7,0.033,17.0,74.0,,3.34,0.48,12.3,6.0
7.2,0.32,0.36,,0.033,37.0,114.0,,3.1,0.71,12.3,7.0
7.1,0.31,0.47,13.6,,54.0,197.0,,,0.49,,5.0
7.0,0.12,0.29,10.3,0.039,41.0,,0.99564,,,9.8,8.0
6.7,0.16,0.49,2.4,,57.0,187.0,,3.62,0.81,,6.0
6.5,0.41,0.22,4.8,0.052,49.0,142.0,,3.14,,,5.0
7.8,0.21,0.49,1.2,,20.0,99.0,,3.05,,,7.0
6.0,0.28,0.24,17.8,0.047,42.0,,,,0.45,,6.0
5.6,0.18,0.58,1.25,0.034,29.0,129.0,,3.51,,,7.0
6.9,0.19,0.35,,0.038,49.0,118.0,,3.0,0.63,,6.0
6.2,0.3,0.32,1.3,0.054,27.0,183.0,0.99266,3.3,,,5.0
6.8,0.28,0.363362580537796,13.9,,49.0,162.0,0.9983,,,,6.0
7.3,0.2,0.39,,0.048,24.0,87.0,0.99044,2.94,,,6.0
6.1,,0.36,4.7,,36.0,116.0,0.991,3.31,,,6.0
6.4,0.26,0.3,,0.025,33.0,134.0,,3.21,0.47,,6.0
7.0,0.39,0.21,10.7,,13.0,91.0,,3.03,0.47,,5.0
7.1,0.18,0.74,,,44.0,176.0,,3.38,,,6.0
7.0,0.34,0.39,6.9,0.066,43.0,162.0,,3.11,,,5.0
7.2,0.24,0.27,,0.034,40.0,174.0,0.99773,3.2,,,5.0
8.0,0.2,0.36,,,21.0,78.0,0.9921,3.08,,10.4,6.0
6.3,0.17,0.42,,0.028,45.0,107.0,,3.27,0.43,,6.0
6.7,0.46,0.21,4.0,0.034,12.0,88.0,,3.26,0.54,,6.0
6.5,,0.25,17.3,0.046,15.0,,0.99828,3.15,,,6.0
8.5,0.56,0.3827741742134094,17.85,,51.0,243.0,,,,,5.0
6.1,0.2,0.4,1.9,,32.0,138.0,,3.26,0.72,,
7.2,0.51,0.24,10.0,0.093,35.0,197.0,,,0.47,,5.0
8.1,0.28,0.34,1.3,,11.0,126.0,,3.14,0.5,,6.0
6.3,0.2,0.3,5.9,0.034,35.0,,,3.47,,,6.0
6.6,0.24,0.29,,0.023,19.0,86.0,,3.25,,12.5,6.0
6.1,0.21,0.19,1.4,0.046,51.0,131.0,0.99184,3.22,0.39,,5.0
7.0,0.24,0.47,1.3,0.043,18.0,,,3.19,,,6.0
6.2,,0.38,,,36.0,117.0,,,,,6.0
7.1,0.22,0.33,2.8,0.033,48.0,,,3.15,0.38,,7.0
6.6,0.19,0.33,1.8,,42.0,148.0,,,0.36,,5.0
8.3,0.14,0.45,,,18.0,98.0,0.99215,,,,6.0
6.0,0.26,0.3195328116416931,1.0,0.032,27.0,96.0,,,,,6.0
6.9,0.4,0.22,5.95,0.081,76.0,303.0,,,,,5.0
6.9,0.4,0.56,,0.043,40.0,142.0,,3.14,0.46,8.7,5.0
8.9,0.27,0.28,0.8,0.024,29.0,128.0,0.98984,3.01,0.35,,6.0
6.6,0.38,0.29,2.9,0.035,15.0,,0.98916,3.04,0.37,,6.0
6.8,0.31,0.32,7.6,0.052,35.0,,0.9959,3.14,,,5.0
7.6,0.56,0.12,10.4,0.096,,177.0,0.9983,3.32,0.45,,4.0
6.0,0.19,0.26,12.4,,50.0,,0.9972,3.3,,,6.0
7.3,0.32,0.23,,0.05,49.0,197.0,0.9985,3.2,0.46,8.7,5.0
6.5,0.32,0.23,8.5,0.051,20.0,138.0,,,0.42,,5.0
7.2,0.16,0.32,0.8,0.04,50.0,,,3.27,,,6.0
6.6,0.22,0.58,1.1,0.133,52.0,136.0,0.9932,3.1,,,
7.7,0.44,0.24,11.2,,41.0,167.0,,3.12,,,7.0
6.4,0.35,0.28,1.1,,9.0,160.0,,3.42,0.5,,7.0
7.7,0.34,0.28,,0.04,31.0,117.0,0.99815,,,,6.0
6.7,0.25,0.31,1.35,,30.5,,0.99388,3.16,0.53,,5.0
9.1,0.28,0.49,,0.059,10.0,112.0,,,0.46,,5.0
7.1,0.28,0.3373953104019165,,,28.0,,,,,,8.0
6.6,0.17,0.26,7.4,0.052,45.0,128.0,,,,10.0,6.0
9.4,0.3,0.32,10.7,0.029,14.0,111.0,,2.85,0.42,10.6,5.0
6.2,0.27,0.43,7.8,,48.0,244.0,0.9956,3.1,0.51,,6.0
8.6,0.55,0.3616750240325928,,,35.5,366.5,,3.04,0.63,,3.0
7.6,0.29,0.42,1.3,,18.0,86.0,,2.99,0.39,11.3,5.0
6.4,0.38,0.24,7.2,0.047,41.0,,0.99604,3.11,,9.2,5.0
7.5,0.32,0.49,1.7,0.031,44.0,109.0,,3.07,0.46,,6.0
6.5,0.26,0.33852100372314453,8.9,,50.0,171.0,,,0.5,,5.0
6.0,0.14,0.37,,0.032,63.0,,0.99185,3.32,0.44,,5.0
6.0,0.26,0.29,3.1,,37.0,144.0,,3.22,,12.8,7.0
7.1,0.25,0.3,2.4,,25.0,122.0,0.994,3.43,,,6.0
8.3,0.3,0.36,,0.042,33.0,169.0,0.9982,3.23,,,6.0
7.1,0.18,0.42,,,,157.0,,2.95,0.31,,6.0
6.2,0.46,0.25,4.4,,62.0,207.0,,3.25,,9.8,5.0
8.2,0.42,0.29,4.1,,31.0,100.0,,3.0,0.32,12.8,7.0
6.6,0.25,0.41,7.4,0.043,29.0,151.0,,3.15,0.6,,7.0
6.8,0.24,0.31,,0.046,40.0,142.0,1.0,,,,
6.7,0.22,0.33,1.2,,36.0,86.0,,3.1,0.76,,6.0
7.9,0.18,0.49,5.2,,36.0,157.0,,,0.48,,6.0
5.9,0.44,0.33,1.2,,12.0,117.0,0.99134,3.46,0.44,,5.0
,0.22,0.33559346199035645,,,48.0,161.0,,3.01,0.28,11.2,6.0
8.3,0.21,0.40438494086265564,17.1,,62.0,213.0,,3.01,,9.3,6.0
7.4,0.25,0.36,13.2,,53.0,178.0,,,,9.0,6.0
7.3,0.43,0.37,4.6,,17.0,114.0,,3.23,,13.2,6.0
6.6,0.21,0.38,2.2,0.026,,104.0,,3.25,0.4,11.1,8.0
6.2,0.32,0.25924575328826904,4.8,0.054,6.0,97.0,,3.16,,9.3,5.0
6.5,0.31,0.61,13.0,0.053,31.0,123.0,,3.09,0.5,,6.0
6.5,,0.33989912271499634,5.9,0.045,75.0,162.0,,2.97,0.4,,5.0
7.1,0.27,0.24,12.6,,48.0,118.0,,3.04,0.56,10.0,7.0
,0.27,0.3,13.0,0.047,69.0,,0.99705,,0.5,,6.0
6.4,0.23,0.26,8.1,,47.0,181.0,,3.12,0.49,,5.0
6.6,0.29,0.44,9.0,,62.0,178.0,0.99685,3.02,0.45,,5.0
6.5,,0.31,,0.053,20.0,113.0,0.99544,3.2,,,6.0
8.8,0.36,0.44,1.9,,9.0,121.0,,3.19,,,6.0
5.9,0.37,0.1,1.6,0.057,39.0,128.0,0.9924,,0.48,,5.0
6.0,0.36,0.06,1.4,0.066,27.0,128.0,0.9934,3.26,0.55,,5.0
8.6,0.18,0.36,,,24.0,187.0,,3.25,0.55,,6.0
6.6,0.26,0.31,4.8,,41.0,168.0,0.9951,3.2,,,5.0
7.7,0.28,0.29,6.9,,29.0,163.0,,,,,6.0
7.4,0.27,0.37213730812072754,,,55.0,173.0,,3.11,0.6,,5.0
6.4,0.22,0.38,9.1,0.044,35.0,127.0,0.99326,,0.3,,7.0
6.6,0.21,0.34,5.6,,30.0,140.0,,3.22,0.38,,5.0
8.0,0.28,0.42,,0.045,41.0,169.0,,3.17,,,5.0
6.1,0.26,0.25,2.9,,289.0,440.0,,3.44,,,3.0
6.5,0.3,0.27,4.0,,,97.0,,,0.6,,8.0
7.2,0.23,0.38,14.3,0.058,55.0,194.0,,,,9.0,6.0
6.4,0.32,0.26,,0.05,53.0,,0.99514,3.14,0.5,,5.0
7.4,0.28,0.49,,0.034,20.0,126.0,0.9918,2.98,,10.6,6.0
7.3,0.28,0.36,,,38.0,140.0,,3.3,0.79,,6.0
7.3,0.19,0.68,1.5,0.05,31.0,,,3.32,0.64,9.4,6.0
6.9,0.15,0.29,2.3,,14.0,82.0,0.99132,3.1,,,7.0
6.5,0.115,0.29,,0.038,73.0,166.0,,3.12,,,7.0
6.2,0.66,0.48,,0.029,29.0,75.0,0.9892,3.33,0.39,,8.0
7.0,0.27,0.74,1.5,0.036,27.0,122.0,,,,,6.0
,0.32,0.27,1.4,0.049,,173.0,0.99335,3.03,0.52,,5.0
6.9,,0.25,3.3,0.041,26.0,124.0,,3.18,0.5,,6.0
6.0,0.17,0.3,7.3,0.039,,104.0,,2.91,,,6.0
7.5,0.3,0.32,1.4,,31.0,,0.99154,2.95,,,5.0
7.1,0.09,0.3,6.2,,24.0,134.0,,2.99,,10.9,6.0
,0.29,0.48,2.3,0.049,36.0,,0.9931,3.17,0.64,,6.0
7.0,0.26,0.59,1.4,0.037,40.0,120.0,0.9918,3.34,0.41,,7.0
6.5,,0.36,6.7,0.185,51.5,151.0,0.99528,,,,5.0
7.6,0.32,0.36,1.6,0.04,32.0,155.0,,3.23,0.52,,6.0
6.2,0.39,0.24,4.8,0.037,45.0,138.0,0.99174,3.23,,11.2,7.0
6.8,0.28,0.29,11.9,0.052,51.0,149.0,0.99544,,,10.4,6.0
8.1,0.43,0.42,6.6,,36.0,141.0,,,0.39,13.3,7.0
7.9,0.41,0.37,4.5,0.03,40.0,114.0,0.992,3.17,0.54,,7.0
8.1,0.33,0.36,7.4,0.037,36.0,156.0,,3.19,,10.6,6.0
5.8,,0.3,3.9,,36.0,105.0,,3.26,0.58,,6.0
7.4,0.16,0.36829787492752075,15.5,0.05,25.0,135.0,0.9984,2.9,,,7.0
5.9,0.4,0.32,6.0,,50.0,127.0,,3.51,,,7.0
5.9,,0.3098306953907013,2.0,,38.0,,,3.41,0.41,12.9,7.0
6.3,0.3,0.48,7.4,0.053,34.0,149.0,0.99472,3.18,0.53,,5.0
5.7,0.25,0.26,12.5,0.049,52.5,106.0,,3.08,0.45,9.4,6.0
7.4,,0.3,13.7,0.056,33.0,168.0,,2.9,,,7.0
6.6,0.21,0.3376348912715912,2.3,0.041,,102.0,,3.22,0.58,,7.0
6.6,0.22,0.23,17.3,,37.0,118.0,,3.08,0.46,,6.0
6.2,0.29,0.26,13.1,0.046,55.0,204.0,,3.16,,9.6,6.0
5.9,0.23,0.24,1.6,,32.0,115.0,,3.21,0.51,,6.0
7.4,0.22,0.26,1.2,,18.0,97.0,,3.12,,9.7,6.0
6.5,0.22,0.25,17.1,,44.0,138.0,,3.3,,,5.0
8.1,0.25,0.38,3.8,,18.0,129.0,,3.21,,,6.0
5.8,0.12,0.21,1.3,,35.0,121.0,,,0.33,11.4,6.0
6.6,0.43,0.24,11.9,,54.0,159.0,0.99622,3.14,0.54,,6.0
6.6,0.25,0.32,5.6,,15.0,68.0,,2.96,,11.1,6.0
,0.2,0.38,1.0,,21.0,74.0,,3.21,0.37,,5.0
6.2,0.3,0.32,,,30.0,,,,0.41,11.2,7.0
6.6,0.25,0.29,1.1,,39.0,124.0,0.9914,3.34,,,7.0
6.0,0.2,0.26,6.8,0.049,22.0,93.0,0.9928,,,,6.0
8.2,0.18,0.49,1.1,0.033,28.0,81.0,,,0.68,,7.0
8.7,0.15,0.3,,0.046,29.0,130.0,0.9942,3.22,,,6.0
7.4,0.25,0.36,13.2,0.067,53.0,178.0,,3.01,0.48,9.0,6.0
6.4,0.15,0.4,1.5,0.042,23.0,87.0,,3.11,,12.2,7.0
7.2,0.24,0.36,2.0,0.029,21.0,63.0,,3.13,,,6.0
6.6,0.52,0.44,,0.048,54.0,245.0,,3.26,0.54,,6.0
5.5,0.19,0.27,0.9,,52.0,,,,,11.2,5.0
6.4,0.3,0.45,3.5,,76.0,,,3.02,0.39,9.1,6.0
5.8,0.3,0.09,6.3,,36.0,138.0,0.99382,3.15,,9.7,5.0
5.8,0.22,0.3,1.1,0.047,36.0,131.0,,3.26,0.45,10.4,5.0
7.6,0.27,0.29,2.5,,37.0,115.0,,3.09,0.37,,5.0
6.6,0.21,0.36,0.8,,48.0,113.0,0.99165,,,10.5,6.0
7.6,0.25,0.3773003816604614,1.3,,34.0,176.0,,3.1,,,5.0
6.7,0.325,0.35504546761512756,1.2,0.152,49.0,,0.99312,2.99,0.38,,5.0
6.9,0.15,0.28,4.4,,,107.0,,3.24,0.46,,8.0
6.8,0.18,0.3,12.8,,19.0,171.0,,3.0,0.52,,7.0
6.7,0.34,0.26,1.9,0.038,58.0,138.0,0.9893,,,,7.0
5.9,0.36,0.16568908095359802,5.7,,21.0,87.0,,3.22,,10.2,5.0
8.0,0.17,0.29,,0.029,52.0,119.0,0.98944,3.03,,,6.0
5.0,0.33,0.16,,0.049,10.0,97.0,0.9917,3.48,0.44,,6.0
6.2,0.3,0.42,,,28.0,,,3.13,,,6.0
6.1,0.28,0.27,4.7,0.03,56.0,140.0,0.99042,,0.42,12.5,8.0
6.7,0.33,0.34,,0.036,39.0,124.0,0.99123,2.99,,,8.0
6.8,0.27,0.22,8.1,,55.0,203.0,,3.19,0.52,8.9,5.0
7.2,,0.22,1.6,0.044,17.0,101.0,0.99471,,,,5.0
6.4,0.24,0.26,8.2,0.054,47.0,182.0,0.99538,,0.5,,5.0
7.1,0.28,0.35,,0.028,35.0,91.0,0.99022,2.96,0.33,12.1,5.0
6.5,0.14,0.33,7.6,,53.0,,,3.25,0.49,8.6,5.0
8.9,0.13,0.49,,,6.0,24.0,,,,9.9,5.0
7.8,0.34,0.35,1.8,,8.0,167.0,,3.11,0.41,12.1,6.0
4.7,0.455,0.18,1.9,0.036,33.0,106.0,,3.21,0.83,,7.0
6.4,0.28,0.36,1.3,,28.0,186.0,,3.31,0.45,,5.0
6.7,0.17,0.42,10.4,,85.0,182.0,,3.04,,8.9,6.0
6.8,0.19,0.71,,,21.0,114.0,0.99784,2.85,,,6.0
7.1,0.28,0.28,,0.03,25.0,191.0,0.99338,,0.46,12.2,7.0
8.5,0.26,0.393610417842865,16.2,0.074,41.0,197.0,0.998,,,,3.0
5.8,0.2,0.34,1.0,0.035,,86.0,,,,,5.0
7.4,0.25,0.29,6.8,0.02,31.0,,0.99338,3.13,0.29,10.8,
7.4,0.16,0.3587476313114166,6.85,,31.0,131.0,,3.29,,9.7,
6.3,0.24,0.74,1.4,,24.0,108.0,0.9932,3.27,,9.9,6.0
5.0,0.44,0.04,,0.039,38.0,128.0,,3.37,0.57,,6.0
7.3,0.27,0.3,1.3,0.04,26.0,,,3.28,,10.7,6.0
7.4,0.19,0.3,12.8,,48.5,229.0,0.9986,3.14,0.49,,7.0
6.0,0.26,0.5,2.2,,59.0,153.0,,3.08,,,5.0
6.3,0.28,0.3,3.1,,24.0,115.0,0.9942,,,8.6,5.0
8.7,0.23,0.32,,0.044,35.0,169.0,0.99975,3.12,0.47,8.8,7.0
6.7,0.48,0.49,2.9,,28.0,,,3.13,,,6.0
8.1,0.45,0.34,,0.037,33.0,216.0,,3.31,0.64,9.7,5.0
7.0,0.15,0.38,,,33.0,96.0,0.9928,,,,8.0
7.2,0.08,0.49,1.3,,18.0,148.0,0.9945,3.46,0.44,10.2,6.0
8.3,0.21,0.41,2.2,,24.0,108.0,,2.85,0.45,,5.0
6.5,0.18,0.41,,,47.0,129.0,0.99678,,0.72,10.3,7.0
,0.53,0.02,1.0,,39.0,107.0,0.993,3.2,,9.0,
6.4,0.45,0.07,1.1,,10.0,131.0,,2.97,0.28,,5.0
7.0,0.32,0.31,,,38.0,115.0,,3.38,,12.2,7.0
6.9,0.4,0.42,6.2,,41.0,176.0,,,,,5.0
6.9,0.38,0.29,13.65,0.048,52.0,189.0,,3.0,0.6,9.5,6.0
5.9,0.3,0.3012208938598633,7.85,0.03,19.0,133.0,,3.52,,,7.0
6.1,0.24,0.27,11.5,0.05,51.0,133.0,,3.22,,,6.0
6.1,0.36,0.16,6.4,,36.0,198.0,,3.17,,9.9,6.0
7.0,,0.54,10.7,,59.0,234.0,0.9966,3.05,0.61,,5.0
8.1,,0.38515275716781616,1.3,0.045,26.0,100.0,,,0.44,12.4,6.0
5.7,0.255,0.65,1.2,0.079,17.0,137.0,,,,,5.0
6.0,0.32,0.3,7.3,0.174,46.0,159.0,,3.18,0.49,,5.0
6.8,0.18,0.35,5.4,,53.0,143.0,,,,,7.0
6.3,0.26,0.49,1.5,,34.0,134.0,,2.99,,9.8,6.0
8.0,0.23,0.46,,0.03,30.0,125.0,0.9907,3.23,,,6.0
6.7,0.16,0.28,2.5,0.046,40.0,153.0,,3.38,0.51,11.4,7.0
6.0,0.41,0.05,1.5,0.063,17.0,120.0,,3.21,0.56,9.2,6.0
6.0,0.39,0.13,1.2,,60.0,172.0,,3.06,0.52,,5.0
7.6,0.3,0.4,,0.054,29.0,175.0,,3.19,0.53,,5.0
6.8,0.19,0.33,4.9,,42.0,130.0,,,0.56,11.0,6.0
7.9,,0.6,1.85,,13.0,106.0,0.99331,,0.49,,5.0
6.0,0.2,0.32,3.0,0.031,26.0,118.0,0.99134,3.38,,11.2,7.0
7.5,0.17,0.44,,,65.0,146.0,,,0.45,10.0,6.0
6.5,0.19,0.3396483063697815,1.6,,39.0,116.0,0.98954,,,,6.0
6.8,0.39,0.34,7.4,0.02,38.0,133.0,,3.18,,,7.0
7.1,0.2,0.27,9.6,0.037,19.0,105.0,,,0.37,10.5,7.0
6.5,0.17,0.31,,,34.0,121.0,,,,,6.0
7.4,0.16,0.3621028661727905,15.5,0.05,25.0,135.0,,2.9,,,7.0
6.2,0.39,0.24,,0.037,45.0,138.0,,3.23,0.43,,
6.6,0.23,0.37,,0.036,46.0,153.0,,,,,6.0
7.5,0.38,0.34804224967956543,,0.055,15.0,170.0,0.99605,3.13,0.65,9.9,6.0
7.8,0.27,0.33,2.4,,36.0,175.0,0.992,3.2,,,6.0
7.6,0.21,0.3626917004585266,,,7.0,,0.9914,,0.45,11.3,4.0
,0.27,0.3323376178741455,,0.032,58.0,,0.98956,3.45,,,
7.3,0.23,0.37,1.9,,51.0,165.0,,3.26,,12.2,8.0
5.3,0.24,0.30794572830200195,1.3,,25.0,97.0,0.9906,,0.38,,8.0
7.6,0.13,0.34,9.3,,40.0,,,3.21,0.39,,5.0
6.4,0.31,0.28,1.5,0.037,12.0,119.0,,3.32,0.51,,7.0
8.8,0.2,0.43,15.0,0.053,60.0,184.0,,3.28,0.79,,6.0
6.3,0.37,0.51,6.3,0.048,35.0,146.0,0.9943,,,,6.0
7.3,0.34,0.22,1.4,0.044,43.0,176.0,0.99286,3.14,,,5.0
5.8,0.3,0.23,1.5,0.034,37.0,121.0,,2.96,0.34,,6.0
7.5,0.18,0.39,1.9,0.054,23.0,91.0,,,0.45,,6.0
5.1,0.23,0.18,1.0,0.053,13.0,99.0,,3.22,,11.5,5.0
6.1,0.22,0.31,1.4,0.039,40.0,129.0,,3.45,0.59,10.9,
8.2,0.38,0.49,13.6,0.042,58.0,166.0,,3.1,0.54,,5.0
7.5,0.2,0.49,1.3,0.031,8.0,97.0,,3.06,0.62,,5.0
7.1,0.45,0.24,,,24.0,,,,,,8.0
6.6,0.19,0.3688158392906189,1.2,0.122,45.0,129.0,,3.09,0.31,,6.0
7.0,0.29,0.49,,,37.0,136.0,,2.95,0.4,,6.0
8.0,0.17,0.29,2.4,0.029,52.0,119.0,,3.03,,,6.0
6.0,0.26,0.15,1.2,,35.0,124.0,,3.08,0.46,,5.0
6.8,0.18,0.28,1.1,0.027,,112.0,,3.15,,11.0,7.0
6.6,0.27,0.32,1.3,,18.0,93.0,,,,,5.0
6.5,0.21,0.35,5.7,0.043,47.0,197.0,,3.24,0.5,10.1,6.0
6.9,0.23,0.4,7.5,,50.0,151.0,0.9927,3.11,0.27,11.4,6.0
8.0,0.25,0.39109957218170166,14.0,,41.0,248.0,,3.03,0.57,8.7,6.0
7.6,0.22,0.28,12.0,0.056,68.0,143.0,,2.99,0.3,9.2,6.0
7.4,0.18,0.31,1.4,,38.0,167.0,,3.16,0.53,,7.0
7.1,0.23,0.3684929311275482,5.4,0.039,60.0,196.0,,3.19,,,4.0
6.0,0.3,0.44,1.5,0.046,,182.0,0.99455,3.5,,,5.0
8.6,0.485,0.29,,0.026,19.0,101.0,0.9918,3.01,0.38,,5.0
7.0,0.36,0.32,10.05,,37.0,131.0,0.99352,3.09,,,8.0
8.2,0.22,0.36,6.8,,12.0,90.0,0.9944,,0.38,,8.0
8.3,0.2,0.49,1.7,,34.0,169.0,,3.05,,10.1,5.0
7.4,0.33,0.3819294273853302,15.6,0.049,67.0,210.0,,3.06,0.68,,5.0
6.4,0.29,0.32,2.4,0.014,34.0,89.0,0.99008,3.24,0.66,,7.0
5.6,0.27,0.37,0.9,,11.0,49.0,,3.29,,,6.0
5.0,0.27,0.26954197883605957,4.5,,58.0,178.0,0.98956,3.45,0.31,,
6.3,0.23,0.3170751631259918,6.9,0.052,23.0,118.0,,3.23,,,6.0
6.8,0.23,0.33,1.9,,20.0,101.0,,3.1,0.46,,6.0
7.1,0.29,0.49,1.2,0.031,32.0,99.0,,3.07,0.33,,6.0
6.6,0.545,0.04,,0.031,48.0,111.0,0.9906,3.14,0.32,,5.0
,,0.14,,,38.0,155.0,,3.27,0.5,,5.0
7.0,0.21,0.36136671900749207,7.5,,45.0,185.0,,3.34,0.55,9.4,5.0
7.6,0.29,0.26,6.5,0.042,32.0,,,,0.47,10.7,5.0
5.9,0.25,0.27,1.5,0.029,37.0,81.0,,,0.46,,6.0
6.9,0.19,0.28,3.0,0.054,33.0,99.0,0.9924,3.16,,,6.0
7.0,0.26,0.26,10.8,,37.0,184.0,0.99787,,0.58,,7.0
,0.38,0.26,3.5,0.035,38.0,111.0,,3.18,,,7.0
7.0,0.32,0.3312447667121887,7.1,,37.0,122.0,0.99165,3.15,0.6,,7.0
8.0,0.26,0.28,,0.05,34.0,150.0,,,,10.0,6.0
6.0,0.28,0.34,1.6,,33.0,104.0,,3.19,0.38,,
6.4,0.29,0.57,1.0,0.06,15.0,120.0,,3.06,0.41,,5.0
6.2,0.2,0.3291076719760895,1.1,0.039,24.0,78.0,0.9899,,0.47,12.1,6.0
7.1,0.26,0.37,5.5,0.025,31.0,105.0,,3.06,0.33,,8.0
6.6,0.42,0.33,2.8,0.034,15.0,85.0,,3.28,,13.4,6.0
6.8,0.39,0.36253267526626587,11.6,,57.0,220.0,0.99775,,0.53,9.3,5.0
7.7,0.275,0.3,1.0,0.039,19.0,,0.992,,0.56,10.7,5.0
7.2,0.26,0.26,12.7,0.036,49.0,214.0,,3.41,0.5,,6.0
5.9,0.27,0.27,5.0,,14.0,97.0,,,0.33,,7.0
6.4,0.26,0.43,12.6,0.033,64.0,230.0,,3.08,,,5.0
7.3,0.33,0.4,6.85,0.038,32.0,138.0,0.992,3.03,0.3,11.9,7.0
6.9,0.4,0.43,,,42.0,178.0,,3.11,,,5.0
5.6,0.29,0.05,0.8,,11.0,30.0,0.9924,3.36,,,5.0
6.0,0.28,0.49,6.8,0.048,61.0,222.0,,3.19,0.47,9.3,5.0
6.2,0.21,0.27,1.7,,41.0,,0.9933,,0.71,10.5,7.0
8.9,0.26,0.33,8.1,,47.0,202.0,,,0.46,,6.0
6.2,0.33,0.27,4.9,,30.0,134.0,,3.2,0.42,,7.0
6.8,0.22,0.3395552933216095,5.9,,40.0,152.0,0.9938,,0.57,,6.0
6.0,0.18,0.27,,,40.0,143.0,,3.49,0.62,10.8,6.0
7.8,0.19,0.32,,0.015,47.0,124.0,,2.99,0.39,11.0,6.0
6.8,0.31,0.42,,,50.0,173.0,0.9958,3.19,0.46,,5.0
6.2,0.33,0.14,4.8,,27.0,128.0,0.99475,3.21,,,5.0
6.6,0.3,0.25,8.0,,21.0,124.0,0.99362,3.06,,,6.0
7.1,0.12,0.3,3.1,0.018,15.0,37.0,0.99004,3.02,0.52,11.9,7.0
7.6,0.14,0.74,1.6,,27.0,,,3.07,0.4,,7.0
6.5,0.31,0.14,7.5,,34.0,133.0,,3.22,0.5,,5.0
7.8,,0.38291728496551514,1.7,,46.0,195.0,,3.03,0.48,,5.0
6.1,0.29,0.27,1.7,0.024,13.0,76.0,0.9893,3.21,0.51,12.6,7.0
,0.27,0.34112709760665894,6.3,0.048,47.0,,,3.21,0.6,,6.0
,0.21,0.8,12.3,,77.0,183.0,0.99778,2.95,0.48,,5.0
7.7,0.11,0.34,,0.04,41.0,114.0,0.99634,3.07,0.59,11.0,7.0
7.4,0.155,0.34,2.3,0.045,73.5,214.0,0.9934,3.18,0.61,9.9,7.0
7.0,0.31,0.52,1.7,,5.0,61.0,0.9918,,0.43,,5.0
6.0,0.44,0.26,,,57.0,128.0,0.98982,3.22,0.39,,6.0
6.7,0.53,0.2577909231185913,4.3,0.069,20.0,114.0,0.99014,3.22,0.59,13.4,6.0
5.9,0.24,0.28,1.3,,36.0,95.0,,3.08,,12.9,7.0
6.9,0.22,0.32,9.3,,,110.0,,3.34,0.54,,7.0
6.6,0.21,0.5,8.7,,41.0,191.0,,,,11.0,6.0
8.3,0.4,0.41,8.2,,15.0,122.0,0.9979,3.39,0.49,,5.0
6.6,0.26,0.28,9.4,0.028,13.0,121.0,,3.17,0.34,,6.0
6.7,0.41,0.24,,0.035,33.0,115.0,0.9901,3.12,,,7.0
7.0,0.45,0.34,19.8,0.04,,67.0,0.9976,3.07,0.38,,6.0
7.3,0.3,0.22,6.4,,44.0,168.0,,3.13,0.35,10.1,6.0
6.8,0.26,0.34,,0.034,39.0,134.0,,3.33,0.53,,6.0
5.0,0.455,0.18,1.9,0.036,33.0,106.0,0.98746,3.21,,14.0,7.0
6.6,0.28,0.42,,0.044,60.0,196.0,,3.14,,9.4,5.0
6.9,0.32,0.13,7.8,0.042,11.0,117.0,,3.23,,,5.0
6.0,0.16,0.3132982552051544,,0.043,,153.0,,3.63,0.46,,5.0
8.5,0.28,0.34,,,32.0,161.0,,,0.4,,6.0
,0.25,0.24,3.6,,13.0,85.0,0.9942,2.99,,9.5,4.0
6.8,0.18,0.28,8.7,0.047,52.0,242.0,,3.22,0.53,10.5,6.0
5.7,0.27,0.32,1.2,0.046,20.0,155.0,,3.8,0.41,,6.0
7.3,0.22,0.4,14.75,0.042,44.5,129.5,0.9998,3.36,0.41,,7.0
7.0,0.2,0.34,2.1,0.049,12.0,,0.9922,3.25,0.46,,7.0
6.1,0.16,0.34,6.1,0.034,,114.0,,3.32,0.58,10.1333333333333,7.0
7.4,0.15,0.366861492395401,1.7,,49.0,154.0,0.992,,0.6,,6.0
6.6,0.36,0.28,6.1,0.029,12.0,93.0,,3.19,0.27,,7.0
6.4,0.26,0.22,,,23.0,,0.9944,3.29,,10.1,5.0
5.9,0.48,0.3,,,,78.0,0.99057,3.47,0.42,,7.0
6.1,0.14,0.25,,0.047,37.0,173.0,0.9925,3.35,0.46,,6.0
6.0,,0.29,13.1,0.042,28.0,,,3.39,,,5.0
6.4,0.28,0.45,8.6,0.057,47.0,223.0,,3.16,,,5.0
,0.26,0.33,1.1,0.027,46.0,113.0,0.98946,3.35,,,7.0
7.8,0.27,0.58,11.2,,44.0,161.0,,3.06,0.41,8.9,6.0
6.8,0.24,0.33,,0.049,68.0,161.0,0.99324,3.1,0.69,10.2,6.0
6.3,0.27,0.37,,,58.0,215.0,0.99542,3.19,0.48,9.5,6.0
7.4,0.16,0.3,,0.056,33.0,168.0,,,0.44,,7.0
6.4,0.23,0.32,1.9,0.038,40.0,118.0,0.99074,3.32,,,7.0
7.2,0.21,0.36,,,68.0,183.0,,3.25,,,5.0
7.1,0.13,0.4,1.2,,54.0,,,3.3,,,7.0
5.6,0.13,0.3026840090751648,4.8,,22.0,104.0,0.9948,3.34,0.45,9.2,6.0
7.5,0.23,0.32,9.2,,54.0,191.0,,3.04,0.56,,6.0
8.0,,0.3807605803012848,14.6,,45.0,163.0,,3.21,,8.6,7.0
6.2,0.15,0.33179494738578796,1.6,0.039,38.0,123.0,,3.38,,,6.0
6.6,0.22,0.28,12.05,0.058,25.0,125.0,,3.45,0.45,9.4,5.0
6.2,0.25,0.25,,0.03,35.0,105.0,,3.3,0.44,11.1,7.0
7.1,0.28,0.26,2.8,0.039,50.0,118.0,0.9908,3.06,,11.2,6.0
6.6,0.25,0.35,,0.034,38.0,,,3.19,0.4,,6.0
5.9,0.37,0.14,,0.036,34.0,185.0,0.9944,3.17,0.63,,5.0
6.2,0.55,0.25697776675224304,12.0,0.049,27.0,186.0,,3.17,0.5,,6.0
7.0,0.31,0.29,1.4,,33.0,128.0,0.9896,3.12,,,7.0
6.2,0.25,0.44,,,39.0,167.0,0.99804,3.14,,,5.0
6.8,0.34,0.36,,,44.0,128.0,,3.28,0.35,11.95,7.0
6.7,0.27,0.25,8.0,0.053,54.0,202.0,,3.22,0.43,9.3,5.0
6.5,0.25,0.32563355565071106,,,41.0,128.0,,3.18,0.52,,
6.9,0.29,0.23,8.6,,56.0,215.0,,3.17,0.44,8.8,5.0
6.4,,0.44,3.6,0.197,75.0,183.0,0.9942,3.01,,,5.0
6.3,0.28,0.3,6.6,,60.0,154.0,0.99478,3.1,0.4,,6.0
7.8,0.43,0.49,13.0,0.033,37.0,158.0,,3.14,,11.3,6.0
5.4,0.595,0.1,2.8,0.042,26.0,,,3.36,,,5.0
7.7,0.35,0.42697203159332275,11.8,,61.0,183.0,0.99786,2.86,0.47,,5.0
6.7,0.24,0.3366885185241699,6.8,,54.0,127.0,,3.33,,,7.0
8.0,0.19,0.3,2.0,0.053,48.0,140.0,0.994,,,9.6,6.0
7.4,0.34,0.28,,0.049,31.0,149.0,0.99677,3.22,0.49,10.3,5.0
6.9,0.29,0.16,6.8,,65.0,212.0,,3.08,0.39,9.0,6.0
6.7,0.23,0.31,,0.046,30.0,96.0,,,0.64,,8.0
6.1,0.26,0.31887125968933105,2.2,0.05,61.0,,,3.08,0.6,,6.0
7.3,,0.49,1.1,,28.0,99.0,,3.2,,10.6,6.0
6.0,,0.66,15.9,0.046,26.0,,0.9979,,,,6.0
6.8,0.17,0.36,,0.036,38.0,108.0,0.99006,3.19,0.66,,6.0
8.1,0.28,0.37197428941726685,1.9,,,79.0,,3.23,0.52,,6.0
7.2,,0.61,16.2,0.043,14.0,,,3.06,0.36,,6.0
6.4,0.38,0.19,4.5,0.038,36.0,119.0,0.99151,,0.42,11.2,6.0
6.8,0.3,0.24,,,35.0,116.0,0.9953,3.07,0.48,9.4,5.0
6.8,0.32,0.32,8.7,,31.0,105.0,,3.0,0.34,,7.0
6.4,0.23,0.33,1.15,,15.5,217.5,0.992,3.33,0.44,,6.0
6.1,0.41,0.2,12.6,,54.0,136.0,,2.91,,,6.0
5.4,0.17,0.27,2.7,,28.0,104.0,,3.46,,,6.0
6.8,0.32,0.3249480426311493,2.2,0.044,15.0,68.0,,3.17,0.39,,6.0
6.9,0.19,0.6,4.0,0.037,,122.0,,2.92,,,4.0
5.6,0.22,0.32,,0.024,29.0,97.0,,3.2,0.46,,7.0
6.1,0.34,0.46,4.7,0.029,21.0,94.0,0.991,3.29,,12.3,6.0
6.4,0.475,0.06,1.0,,9.0,131.0,0.9904,2.97,,,5.0
6.2,0.25,0.31,3.2,,32.0,150.0,0.99014,,0.31,12.0,6.0
6.2,0.24,0.29,13.3,,49.0,130.0,,3.33,,11.0,8.0
7.2,0.6,0.2,9.9,0.07,21.0,174.0,,3.03,0.54,,5.0
6.8,0.3,0.3264520764350891,6.6,,35.0,116.0,0.9953,3.07,0.48,,5.0
6.8,0.37,0.28,1.9,,,106.0,,,0.6,12.6,8.0
7.6,,0.39,,,21.0,115.0,,3.16,,,6.0
6.2,0.28,0.45,,,46.0,203.0,,3.26,0.46,9.2,6.0
5.8,0.18,0.31932249665260315,,0.034,9.0,,0.99092,3.21,0.52,,6.0
6.7,0.24,0.36,8.4,0.042,42.0,123.0,,,0.52,,6.0
7.5,0.29,0.67,8.1,0.037,53.0,166.0,,2.9,0.41,8.9,6.0
7.9,0.22,0.38,8.0,0.043,,152.0,,3.12,0.32,,7.0
6.1,0.22,0.4,1.85,,25.0,111.0,,3.03,0.3,,7.0
7.8,0.15,0.34,,0.035,31.0,93.0,,3.07,,11.3,7.0
7.3,0.32,0.29,1.5,0.038,32.0,144.0,0.99296,3.2,,,5.0
6.2,0.27,0.26,12.1,0.046,43.0,127.0,,3.16,,,6.0
6.6,0.35,0.29,,,54.0,177.0,,3.17,0.58,,6.0
7.1,0.21,0.27,8.6,0.056,26.0,111.0,,,,9.5,5.0
6.0,0.17,0.36,1.7,,14.0,61.0,0.99144,3.22,,10.8,
6.6,0.19,0.35,1.5,,37.0,107.0,,3.18,0.68,,7.0
6.9,0.19,0.32,7.9,0.042,30.0,130.0,,3.4,,,6.0
5.7,0.24,0.47,6.3,,,182.0,,3.11,,,5.0
6.5,0.15,0.44,12.6,0.052,65.0,158.0,,3.26,,,7.0
7.4,0.17,0.4,,0.037,34.0,161.0,,3.05,,,4.0
6.2,,0.21,15.55,,28.0,159.0,,3.48,0.64,,6.0
6.4,0.33,0.3,7.2,,42.0,,0.99331,3.22,0.49,,6.0
5.7,0.21,0.24,2.3,,60.0,189.0,0.995,3.65,0.72,10.1,6.0
6.8,0.34,0.27,,,14.0,169.0,0.99252,,,,6.0
5.6,0.28,0.27,,,52.0,158.0,,3.35,,10.7,7.0
7.4,0.25,0.49,1.1,0.042,35.0,156.0,0.9917,,0.55,,5.0
6.8,,0.333351194858551,8.0,0.045,28.0,123.0,,3.02,,11.4,6.0
7.0,0.16,0.25,14.3,0.044,27.0,149.0,,2.91,,9.2,6.0
,0.67,0.09,,,5.0,9.0,0.98722,3.3,,13.6,5.0
6.2,0.15,0.27,,,46.0,116.0,,3.12,0.38,,6.0
8.9,0.21,0.37,,0.028,20.0,93.0,,3.2,0.37,11.5,5.0
6.3,0.19,0.21,1.8,0.049,35.0,163.0,,3.31,0.5,,6.0
6.6,0.28,0.3,12.9,0.033,31.0,177.0,,3.12,,,6.0
7.0,0.44,0.24,12.1,,68.0,210.0,0.99718,3.05,,,5.0
6.3,0.26,0.29,,,35.0,175.0,,,0.43,11.6,6.0
6.4,0.69,0.09,7.6,0.044,34.0,144.0,,3.26,0.38,,6.0
7.8,0.27,0.58,11.2,,,161.0,0.9977,,0.41,,6.0
7.7,,0.18,3.3,,18.0,143.0,,3.12,,10.8,6.0
6.1,0.17,0.29,,0.041,32.0,92.0,0.99036,,,,6.0
8.8,0.27,0.25,5.0,,52.0,99.0,,2.87,,,5.0
6.2,0.37,0.24,6.1,0.032,19.0,86.0,,3.04,,,8.0
6.6,0.24,0.3361051380634308,1.8,0.028,39.0,132.0,,3.34,0.46,,5.0
6.9,0.28,0.28,12.2,0.042,52.0,139.0,,3.03,,10.4,6.0
6.4,0.18,0.74,11.9,0.046,54.0,168.0,0.9978,3.58,,10.1,5.0
7.0,0.3,0.28,2.2,,21.0,,0.99166,3.2,,,5.0
6.5,0.27,0.4,10.0,,74.0,227.0,0.99582,,0.5,9.4,5.0
6.9,0.33,0.26,5.0,,46.0,143.0,,3.25,0.43,,7.0
5.7,0.28,0.3,,,36.0,105.0,0.98963,,,,6.0
6.0,0.34,0.2882402241230011,15.9,,26.0,164.0,,3.14,,,6.0
6.2,0.33,0.19,,,22.0,143.0,,3.15,,,5.0
5.3,0.43,0.13081975281238556,1.1,0.029,6.0,51.0,,3.51,0.48,,4.0
6.7,0.31,0.3,2.4,,30.0,83.0,0.98867,3.09,0.36,,7.0
5.8,0.385,0.25,,,38.0,122.0,,3.2,,,6.0
6.8,0.28,0.4,22.0,,48.0,167.0,,2.93,0.5,,5.0
8.3,0.26,0.41,9.2,0.042,,,,3.1,0.38,,7.0
6.3,0.32,0.26,12.0,,63.0,170.0,,,0.55,,6.0
6.4,0.31,0.27,7.4,0.049,48.0,169.0,,,0.45,,6.0
6.9,0.12,0.36,,,18.0,111.0,0.9919,3.41,,,8.0
7.2,0.24,0.29,2.2,,37.0,102.0,0.992,3.27,,,7.0
5.3,0.275,0.24,7.4,0.038,28.0,114.0,0.99313,3.38,0.51,,6.0
5.8,0.3,0.28994643688201904,3.5,,25.0,116.0,0.99057,3.2,0.44,,6.0
8.1,0.2,0.49,11.8,0.048,46.0,212.0,,3.09,0.46,,7.0
7.2,0.25,0.32,1.5,,27.0,132.0,0.9933,3.26,0.44,,5.0
7.6,0.32,0.58,,0.05,43.0,,,3.15,,,5.0
6.9,0.22,0.43,,,,115.0,,3.05,0.51,,6.0
4.9,0.345,0.34,1.0,,32.0,143.0,,3.24,0.4,,5.0
6.2,0.3,0.21,1.1,0.032,31.0,111.0,0.9889,2.97,,,6.0
6.8,0.27,0.49,,0.044,35.0,126.0,,,,,7.0
5.1,0.31,0.3,0.9,,28.0,152.0,,3.54,,,6.0
6.8,,0.3,13.0,0.047,69.0,160.0,,3.16,0.5,,6.0
5.0,0.24,0.21,2.2,0.039,,100.0,,3.69,0.62,,6.0
7.4,0.22,0.33,2.0,,31.0,,,3.42,0.55,,5.0
6.3,0.18,0.22,,0.043,45.0,155.0,,3.19,0.48,,5.0
7.0,0.46,0.2,16.7,,50.0,184.0,,3.08,,9.4,5.0
6.6,0.23,0.2,11.4,,45.0,131.0,,2.96,0.51,,6.0
6.2,,0.23,3.3,,34.0,113.0,,,,,5.0
7.2,0.21,0.36,15.7,0.045,68.0,,0.99922,3.25,,9.4,
5.7,,0.16,9.0,,32.0,111.0,0.99474,3.36,0.37,,6.0
8.4,0.27,0.46,,0.048,39.0,197.0,,3.14,,9.6,6.0
6.2,0.44,0.2750723361968994,,,28.0,210.0,,3.56,0.72,,5.0
6.8,0.3,0.35,,0.038,,164.0,,,,,6.0
6.5,,0.49,2.9,0.03,16.0,94.0,0.9902,3.1,,,7.0
6.4,0.16,0.44,1.2,,39.0,122.0,,3.11,0.75,,7.0
7.6,0.27,0.34,5.0,,18.0,56.0,,3.06,,,6.0
7.0,0.21,0.28,8.6,,37.0,221.0,,3.25,0.54,10.4,6.0
7.1,0.26,0.36913907527923584,12.4,,62.0,240.0,,3.04,0.42,,6.0
9.8,0.16,0.46,1.8,0.046,,130.0,,3.04,,,
8.0,0.22,0.32,,0.043,63.0,201.0,0.997,,,9.5,6.0
9.2,0.23,0.35,10.7,0.037,34.0,145.0,,3.09,0.32,,5.0
6.6,0.22,0.36,5.5,0.029,30.0,105.0,,3.2,,,6.0
7.4,0.19,0.3,12.8,0.053,48.5,229.0,,3.14,0.49,,7.0
8.2,0.23,0.49,,0.057,15.0,73.0,,3.07,,,6.0
6.8,,0.3568638563156128,1.4,0.053,34.0,114.0,,3.39,0.77,10.6,6.0
6.6,0.21,0.31,,,46.0,165.0,0.99795,3.41,0.44,,7.0
7.1,0.38,0.29,,0.041,30.0,137.0,,3.02,,12.1,6.0
6.7,0.31,0.3400496244430542,,,57.0,200.0,,3.17,0.44,,6.0
7.2,0.15,0.3611549139022827,,,21.0,159.0,0.9948,3.52,0.47,,5.0
6.9,0.18,0.3,2.0,,39.0,190.0,,3.32,0.37,,6.0
5.4,0.23,0.3071599006652832,1.5,0.03,74.0,,,,0.99,12.1,7.0
6.2,0.19,0.3298242688179016,,0.019,22.0,82.0,0.98961,3.05,0.36,,6.0
8.5,0.19,0.56,17.3,0.055,47.0,,1.00047,3.07,,9.3,6.0
5.3,0.3,0.3,1.2,0.029,25.0,93.0,0.98742,3.31,,,7.0
5.8,0.28,0.66,9.1,,,159.0,0.9965,3.66,,,
6.9,0.25,0.3,4.1,0.054,23.0,116.0,,2.99,0.38,,6.0
6.4,0.27,0.17,,,60.0,198.0,0.99578,3.21,0.47,,5.0
5.8,0.32,0.31,2.7,,25.0,153.0,0.99067,3.44,0.73,,7.0
6.3,0.24,0.22,,0.05,65.0,179.0,,3.06,0.58,,6.0
6.9,0.37,0.28,13.8,0.031,,,,,0.37,,6.0
6.7,0.66,0.0,13.0,0.033,32.0,75.0,,3.15,,10.7,6.0
7.6,0.26,0.58,,,62.0,180.0,,3.07,0.38,,5.0
6.9,,0.34,,0.032,24.0,121.0,0.9902,3.14,0.38,,7.0
6.6,0.41,0.31,1.6,0.042,18.0,101.0,,,,,5.0
6.3,0.27,0.37,7.9,,58.0,215.0,,3.19,,9.5,6.0
6.4,0.18,0.74,11.9,0.046,54.0,168.0,0.9978,3.58,0.68,,5.0
7.9,0.16,0.3,,,58.0,152.0,,3.12,0.37,,6.0
7.7,0.27,0.61,,0.046,64.0,,,,0.46,,5.0
6.3,0.48,0.48,1.8,,35.0,96.0,,3.49,0.74,12.2,6.0
7.6,0.2,0.3,14.2,0.056,53.0,212.5,,3.14,0.46,,8.0
6.4,0.28,0.23,,0.051,50.0,162.0,,3.15,0.52,10.2,5.0
8.3,0.14,0.34,1.1,0.042,7.0,47.0,,3.47,,,6.0
7.4,0.38,0.34,,,44.0,168.0,,3.11,0.52,9.2,5.0
6.1,0.36,0.58,15.0,,42.0,115.0,0.9978,,0.51,9.0,5.0
5.4,0.18,0.24,4.8,,30.0,,,3.42,0.4,9.4,6.0
8.2,0.21,0.38631072640419006,,,53.0,145.0,0.9972,3.17,0.48,10.2,6.0
6.7,0.25,0.34,,,30.0,161.0,0.9986,3.44,0.47,,6.0
7.5,0.33,0.39,12.4,0.065,29.0,119.0,,3.16,0.39,,5.0
8.6,0.26,0.41,,,29.0,111.0,0.9941,2.96,,,5.0
6.2,0.31,0.26,,,36.0,148.0,0.9928,3.21,,,6.0
6.3,0.1,0.24,6.0,,25.0,107.0,,,0.49,,7.0
6.6,0.13,0.29,13.9,,33.0,95.0,0.99702,3.17,0.39,,6.0
6.8,0.52,0.26,,,27.0,130.0,,3.11,0.27,,7.0
6.1,0.28,0.3130480945110321,1.8,,32.0,116.0,0.9898,3.36,0.44,12.6,6.0
7.5,0.21,0.29,,,35.0,107.0,,,0.45,,6.0
6.8,0.35,0.44,,0.056,31.0,161.0,0.9952,,,,5.0
7.7,0.39,0.28,4.9,,36.0,109.0,,3.19,0.58,,7.0
5.8,0.2,0.32566285133361816,1.4,0.033,65.0,169.0,,3.59,,,7.0
5.7,0.32,0.5,2.6,,17.0,155.0,,3.22,0.64,,6.0
5.7,0.44,0.2199978083372116,7.0,,28.0,173.0,0.9913,3.33,,,6.0
5.3,0.76,0.03,2.7,,27.0,93.0,,3.34,0.38,,5.0
6.8,0.26,0.56,11.9,,64.0,226.0,0.997,3.02,0.63,,5.0
,0.21,0.5,11.6,,45.0,153.0,,3.15,0.43,,5.0
7.5,,0.34,1.2,,26.0,111.0,,3.51,0.47,,6.0
7.2,0.25,0.39,18.95,,42.0,155.0,,2.97,,9.0,6.0
6.9,,0.31,7.7,,29.0,135.0,,3.11,,,5.0
6.2,0.255,0.24,1.7,,138.5,272.0,,3.53,0.53,,4.0
6.4,0.16,0.42,1.0,,29.0,113.0,,3.18,0.52,,6.0
6.8,0.27,0.24,4.6,0.098,36.0,127.0,,3.15,,,6.0
6.3,0.23,0.49,7.1,,67.0,210.0,,3.23,0.34,,5.0
7.3,0.41,0.24,,0.057,41.0,163.0,0.9949,3.2,0.41,,
6.6,0.16,0.3362617790699005,6.7,,43.0,157.0,,3.15,0.52,,6.0
6.8,0.21,0.42,1.2,,24.0,126.0,0.99234,3.09,0.87,10.9,6.0
7.3,0.26,0.49,,,32.0,107.0,0.9936,3.24,0.54,10.8,6.0
5.9,,0.3112403452396393,,,36.0,152.0,0.9972,3.28,0.43,,6.0
7.5,0.29,0.31,,0.055,20.0,151.0,,3.08,,,5.0
6.7,0.22,0.35309484601020813,1.2,,26.0,152.0,0.99346,3.5,0.47,,6.0
7.3,0.17,0.36,,,44.0,111.0,0.99272,3.14,,,6.0
6.3,0.25,0.44,,0.041,,195.0,,3.18,,,5.0
5.6,0.32,0.33,7.4,0.037,25.0,95.0,,3.25,0.49,,6.0
6.9,0.19,0.35,1.7,0.036,33.0,101.0,,3.21,0.54,,7.0
7.7,0.3,0.38417699933052063,,,36.0,174.0,0.99976,3.2,0.5,,5.0
6.5,0.46,0.27921926975250244,11.5,,56.0,171.0,,3.08,0.56,9.8,6.0
7.2,0.22,0.28,7.2,,41.0,132.0,,3.08,0.59,,6.0
5.9,0.44,0.21426084637641907,2.5,0.03,12.0,73.0,,3.22,0.48,,6.0
7.4,0.19,0.35549384355545044,,0.053,48.5,,,3.14,,9.1,7.0
7.0,0.23,0.26,7.2,,21.0,90.0,,3.22,0.55,,6.0
6.8,0.18,0.38,1.4,0.038,35.0,111.0,0.9918,3.32,0.59,,7.0
7.2,0.17,0.37,6.9,,47.0,128.0,0.99322,3.08,0.46,,7.0
7.1,0.43,0.61,11.8,0.045,54.0,,,,,,5.0
6.5,0.23,0.2,7.5,0.05,44.0,179.0,0.99504,3.18,0.48,,5.0
7.9,0.64,0.46,10.6,0.244,33.0,,,2.87,0.74,,3.0
6.8,0.19,0.71,,0.042,21.0,114.0,,2.85,,9.5,6.0
5.7,0.32,0.38,4.75,0.033,,94.0,0.991,,0.42,,7.0
6.4,0.24,0.49,5.8,0.053,25.0,120.0,0.9942,3.01,0.98,10.5,6.0
7.5,0.28,0.39,10.2,,59.0,209.0,0.9972,3.16,,,6.0
5.7,0.1,0.27,1.3,0.047,21.0,100.0,,3.27,,9.5,5.0
7.1,0.46,0.23,,0.045,44.0,192.0,,3.11,,9.4,5.0
7.8,0.22,0.38,10.3,0.059,28.0,99.0,,3.12,,,6.0
6.3,0.22,0.34,,0.036,32.0,96.0,,3.06,0.74,11.6,6.0
7.2,,0.3,8.1,0.05,40.0,188.0,0.99652,3.15,0.49,,6.0
7.3,0.26,0.3420032858848572,5.0,0.028,32.0,107.0,0.9936,3.24,0.54,,6.0
6.5,0.2,0.35,3.9,,,140.0,0.99102,2.98,,11.8,6.0
6.7,0.28,0.14,,0.043,64.0,159.0,0.992,3.17,0.39,10.0,5.0
7.1,0.16,0.36,1.2,0.043,21.0,,,3.16,,11.0,7.0
7.9,0.25,0.29,5.3,,33.0,117.0,0.9918,3.06,0.32,11.8,7.0
6.9,0.21,0.24,1.8,,17.0,80.0,,,0.46,12.3,7.0
6.2,0.36,0.22,5.25,0.038,44.0,145.0,,3.22,,,6.0
7.0,0.48,0.12,4.5,0.05,23.0,86.0,,2.86,0.35,,5.0
6.9,0.25,0.3400118947029114,2.4,,28.0,76.0,,3.01,,,7.0
7.5,0.41,0.23,14.8,,28.0,174.0,,,0.49,9.7,5.0
7.1,0.15,0.34,5.3,0.034,33.0,104.0,,3.37,,,7.0
5.7,0.26,0.27,,0.201,73.5,189.5,0.9942,3.27,0.38,,6.0
6.4,0.33,0.31,5.5,,,173.0,0.9951,3.19,0.66,,6.0
7.5,0.34,0.24,3.85,,5.0,34.0,,3.01,,11.8,4.0
7.4,0.155,0.34,2.3,0.045,73.5,214.0,,3.18,,,7.0
8.7,,0.35,0.6,,11.0,,,3.08,0.38,,5.0
7.2,0.23,0.39,14.2,0.058,49.0,192.0,0.9979,2.98,,,7.0
7.8,0.17,0.23,,0.029,39.0,128.0,,3.37,,,7.0
6.0,0.19,0.26,,,30.0,104.0,0.98998,3.32,0.41,,6.0
6.4,0.28,0.41,6.8,0.045,61.0,216.0,,3.09,0.46,,5.0
7.9,,0.51,15.3,,54.0,171.0,,3.09,,,5.0
6.7,,0.27,5.2,0.039,35.0,96.0,,3.16,,,7.0
6.8,0.53,0.35,3.8,,26.0,109.0,0.9906,3.26,0.57,,8.0
7.4,0.18,0.36,13.1,0.056,72.0,163.0,,,0.35,,6.0
6.7,0.42,0.39,12.1,,61.0,248.0,,3.31,0.58,,5.0
6.9,0.25,0.35503464937210083,1.8,0.053,6.0,121.0,,,0.7,,5.0
6.9,0.32,0.26,8.3,,32.0,180.0,,,0.51,,6.0
6.2,0.36,0.22,,,44.0,145.0,0.99184,3.22,0.4,,6.0
5.7,0.23,0.25,7.95,,16.0,108.0,0.99486,,,,
5.4,0.255,0.33,1.2,0.051,,122.0,,,,,6.0
6.6,,0.25,,0.036,21.0,124.0,,3.06,,10.8,6.0
7.2,0.27,0.37415245175361633,18.75,0.052,45.0,255.0,1.0,3.04,0.52,8.9,5.0
7.1,0.25,0.28,1.2,,31.0,111.0,,3.18,,11.1,5.0
7.5,0.27,0.36282920837402344,7.0,0.036,45.0,164.0,0.9939,3.03,,,5.0
7.0,,0.24,6.2,0.048,31.0,228.0,0.9957,3.23,,,6.0
7.9,0.29,0.39,6.7,,6.0,117.0,0.9938,3.12,,,5.0
7.6,,0.26,4.8,,26.0,76.0,,2.98,0.49,12.3,7.0
6.5,0.37,0.3,2.2,0.033,39.0,107.0,0.98894,3.22,,13.5,7.0
7.7,0.34,0.367029070854187,11.0,,31.0,117.0,,3.27,0.29,9.2,6.0
6.3,0.36,0.5,8.3,0.053,51.0,202.0,,3.2,,9.6,6.0
7.0,0.25,0.29,15.2,,40.0,171.0,,3.22,0.45,,5.0
7.2,,0.2,10.4,0.086,17.0,,0.99681,3.13,0.4,,5.0
9.2,0.25,0.34,,0.026,31.0,93.0,0.9916,,,11.3,7.0
7.6,0.4,0.27,,0.053,23.0,193.0,0.99164,3.22,0.38,,5.0
6.4,0.15,0.44,1.2,,67.0,150.0,0.9907,,,,7.0
7.1,0.32,0.3561159372329712,,,52.0,204.0,,3.1,,8.8,5.0
6.8,0.21,0.36,18.1,,32.0,,,,0.48,8.8,5.0
6.1,0.35,0.07,1.4,0.069,22.0,108.0,,3.23,,,
6.8,0.26,0.48,6.2,0.049,55.0,182.0,0.99582,3.21,,9.4,6.0
6.8,0.26,0.29,,0.052,54.0,160.0,,3.03,,,6.0
6.6,0.285,0.49,11.4,,57.0,137.0,,3.08,,,6.0
7.9,0.35,0.36,1.6,0.038,11.0,124.0,0.9928,,0.48,11.0,5.0
6.2,0.43,0.49,,0.045,12.0,,,,0.57,,4.0
6.1,0.34,0.21,,0.042,17.0,,0.99373,3.02,,,5.0
7.1,0.26,0.34,14.4,0.067,35.0,,0.9986,3.07,,,7.0
7.7,0.2,0.44,13.9,0.05,44.0,130.0,,3.11,0.48,,6.0
7.0,0.28,0.33,,0.043,47.0,168.0,0.9994,3.34,0.67,,6.0
6.4,0.42,0.19,9.3,0.043,28.0,145.0,0.99433,3.23,0.53,,5.0
7.4,0.32,0.22,1.7,0.051,50.0,,,3.28,0.69,,5.0
9.2,0.23,0.41152533888816833,1.1,,40.0,99.0,0.9929,,0.3,,6.0
5.8,0.34,0.21,6.6,,50.0,167.0,0.9941,,0.62,10.0,5.0
9.2,0.27,0.34,,,49.0,228.0,0.9974,3.04,0.41,10.4,6.0
6.7,0.41,0.30338364839553833,9.2,,29.0,150.0,,3.22,0.51,9.1,5.0
7.3,,0.34,15.4,,38.0,174.0,,,,9.0,6.0
5.8,0.32,0.31,,,25.0,,0.99067,3.44,0.73,,7.0
6.3,0.3,0.19,,0.049,47.0,184.0,,3.22,,,5.0
6.0,0.21,0.38,,0.02,22.0,98.0,,3.26,,,6.0
,0.3,0.27,11.6,,22.0,97.0,0.99314,2.96,,,6.0
8.5,0.23,0.4,9.9,,24.0,88.0,,,0.42,,6.0
7.1,0.26,0.32,14.45,0.074,29.0,107.0,0.998,,0.42,,6.0
7.1,0.17,0.31,1.6,0.037,15.0,103.0,0.991,3.14,0.5,12.0,6.0
6.6,0.27,0.25,1.2,,36.0,111.0,,3.16,0.37,,6.0
7.7,0.12,0.32,1.4,0.06,47.0,150.0,,3.37,0.42,,6.0
6.2,0.21,0.34,6.6,0.03,36.0,91.0,0.9914,3.32,0.45,12.5,7.0
7.6,0.18,0.49,18.05,0.046,36.0,158.0,0.9996,,0.41,,5.0
7.0,0.25,0.33838343620300293,,,17.0,76.0,,3.26,0.45,,6.0
6.1,0.34,0.24,,0.05,33.0,184.0,,,0.61,,5.0
5.5,0.21,0.3099391460418701,1.2,,18.0,,0.99006,3.31,,,6.0
6.1,0.37,0.2,,,49.0,170.0,,3.22,0.48,,5.0
7.0,0.17,0.42,,0.075,19.0,71.0,,3.32,,,6.0
7.1,0.36,0.37,4.8,0.019,39.0,114.0,,3.08,,,7.0
6.4,0.17,0.3333868980407715,9.9,,26.0,101.0,0.99596,3.34,,,
7.4,0.16,0.3,,,33.0,,,2.9,,,7.0
6.5,0.2,0.33,1.5,,36.0,110.0,0.99008,,0.65,,6.0
8.4,0.22,0.3,1.3,,45.0,122.0,,3.13,0.54,,7.0
6.4,0.29,0.18,15.0,,21.0,,0.99736,3.14,,,5.0
7.6,0.3,0.27,10.6,,31.0,119.0,,3.27,,9.3,6.0
6.5,0.39,0.81,1.2,,14.0,74.0,0.9936,3.08,,9.5,5.0
6.4,0.25,0.41,8.6,0.042,57.0,173.0,,,0.44,,5.0
7.3,0.25,0.36,13.1,,35.0,200.0,0.9986,3.04,0.46,8.9,7.0
7.7,0.34,0.58,,,41.0,151.0,,3.06,0.49,,5.0
6.2,0.19,0.29,4.3,,33.0,126.0,0.99658,3.18,0.42,,6.0
6.0,0.25,0.4,5.7,,56.0,152.0,,,0.88,,6.0
8.6,0.23,0.46,1.0,0.054,9.0,,,,0.49,,6.0
7.5,0.24,0.31,,,26.0,180.0,,3.05,0.53,,6.0
8.3,0.2,0.3941178321838379,1.7,,34.0,169.0,,3.05,,,5.0
6.4,,0.3161875307559967,1.8,,29.0,104.0,,3.81,,10.3,6.0
5.1,0.21,0.28,1.4,,,148.0,0.99168,3.5,0.49,,5.0
7.2,,0.19,7.7,,53.0,176.0,,3.17,0.38,,5.0
6.4,0.13,0.28,,,32.0,87.0,,,0.52,11.2,6.0
5.7,0.25,0.27,11.5,0.04,24.0,,0.99411,,,,6.0
7.4,,0.3,,0.053,48.5,229.0,0.9986,,,9.1,7.0
7.1,0.2,0.31,7.4,,32.0,,,3.31,0.59,10.4,6.0
7.8,,0.49,,,28.0,87.0,,,,,7.0
6.8,0.2,0.38,,,27.0,103.0,,3.37,0.58,,6.0
6.8,0.27,0.29,4.6,,6.0,88.0,,,0.48,10.6,4.0
5.9,0.2,0.4,,,23.0,92.0,0.99232,3.2,0.45,,6.0
7.5,0.42,0.45,9.1,,,125.0,,3.12,,,6.0
6.1,0.16,0.37,1.1,0.031,37.0,97.0,0.9922,3.4,,10.5,6.0
6.9,0.34,0.33294677734375,7.3,,,206.0,,3.09,,,6.0
7.2,0.34,0.2,5.8,0.062,52.0,203.0,0.99461,,,9.8,6.0
6.0,0.27,0.2870732545852661,,0.056,35.0,128.0,,3.12,0.45,8.8,5.0
6.8,0.45,0.28,26.05,,27.0,122.0,,3.06,0.42,,6.0
7.7,0.24,0.27,,,52.0,190.0,0.9928,3.23,0.5,10.8,6.0
7.9,0.27,0.27,1.7,0.034,25.0,122.0,0.99088,2.97,0.51,11.9,6.0
7.7,0.39,0.28,,,,109.0,,,0.58,,7.0
7.0,0.17,0.74,12.8,0.045,24.0,126.0,,,0.38,12.2,8.0
7.1,0.36,0.2,1.6,0.271,24.0,140.0,0.99356,,,9.8,5.0
6.3,0.21,0.28,1.5,0.051,46.0,,,3.23,0.42,,6.0
7.8,0.25,0.37,1.0,0.043,10.0,80.0,0.99128,3.08,,,5.0
7.3,,0.3478965759277344,,,37.0,97.0,0.9926,,,,6.0
6.5,0.18,0.41,14.2,0.039,47.0,129.0,0.99678,3.28,0.72,,7.0
7.3,0.49,0.32,,,18.0,,0.9952,3.24,0.45,,4.0
7.0,,0.31,5.3,,32.0,162.0,,3.2,0.48,,5.0
7.3,0.22,0.37,14.3,,48.0,191.0,,,,,6.0
6.6,0.64,0.28,4.4,0.032,19.0,78.0,0.99036,3.11,,,6.0
6.7,0.25,0.23,7.2,0.038,61.0,220.0,0.9952,3.14,0.35,,5.0
6.9,0.26,0.27,4.2,,20.0,80.0,0.99089,3.12,0.39,11.5,6.0
6.7,0.28,0.42,3.5,0.035,43.0,105.0,,,0.38,12.2,6.0
6.0,0.28,0.52,6.2,,37.0,104.0,,3.28,,,7.0
6.4,0.32,0.27,4.9,0.034,18.0,122.0,0.9916,3.36,0.71,,6.0
7.6,0.34,0.39,7.6,,45.0,215.0,,,,,6.0
5.7,0.41,0.21,1.9,,30.0,112.0,,,,,6.0
7.3,0.26,0.35982638597488403,,,48.0,,0.99693,3.1,0.55,,6.0
,0.23,0.3,1.8,,16.0,91.0,0.9906,3.28,0.4,,6.0
9.2,0.28,0.41,,,14.0,59.0,,2.96,,,6.0
6.6,0.21,0.3,9.9,0.041,64.0,174.0,,3.07,,10.1,6.0
6.0,0.33,0.2,,,49.0,159.0,0.9919,3.41,,11.0,6.0
6.4,0.29,0.24,3.2,0.037,31.0,95.0,,2.9,,,7.0
5.9,0.415,0.13,,0.04,11.0,64.0,,,0.52,,5.0
7.0,0.3,0.32,6.4,0.034,28.0,,,3.23,0.44,,6.0
6.5,0.33,0.3,,0.036,34.0,88.0,,,0.63,,7.0
7.2,0.615,0.1,1.4,,25.0,,,3.2,,9.7,4.0
6.7,0.35,0.48,8.8,0.056,35.0,167.0,0.99628,,,9.4,5.0
6.7,0.21,0.37,2.5,,35.0,89.0,,3.25,,,7.0
7.1,0.32,0.32,11.0,,16.0,66.0,,,,,3.0
6.2,0.21,0.28,5.7,0.028,45.0,121.0,0.99168,3.21,,12.15,7.0
5.9,0.46,0.14,2.7,,27.0,160.0,,3.46,0.51,,
6.5,0.13,0.34575676918029785,1.0,,48.0,114.0,0.9911,3.41,,11.5,8.0
7.6,0.31,0.52,,0.042,61.0,148.0,0.99839,2.98,,,6.0
6.8,,0.17,5.1,0.049,26.0,82.0,0.993,3.0,0.38,,6.0
8.3,0.42,0.4017440676689148,,0.04,41.0,172.0,1.0002,2.98,,,5.0
6.8,0.18,0.3,,,19.0,171.0,0.99808,,,,7.0
,,0.29,5.0,,28.0,105.0,,3.52,0.44,,7.0
8.0,0.43,0.4,,,29.0,190.0,0.9991,3.07,,,5.0
,0.25,0.49,2.5,0.047,31.0,169.0,,,0.57,10.6,6.0
6.4,0.24,0.32,14.9,0.047,54.0,162.0,0.9968,3.28,0.5,,6.0
5.7,,0.06,6.8,,9.0,84.0,0.99432,,0.44,10.2,5.0
6.5,0.23,0.45,,0.027,43.0,104.0,0.99054,3.02,,,6.0
6.9,0.23,0.3597565293312073,12.8,0.056,44.0,169.0,0.998,3.42,0.42,,6.0
6.8,0.18,0.37,,0.027,37.0,93.0,,3.3,,,
5.8,0.13,0.31602662801742554,,0.058,24.0,183.0,,3.32,0.42,11.7,6.0
7.4,0.14,0.3,1.3,,25.0,91.0,,3.53,0.39,,
7.0,0.32,0.29,7.6,0.025,35.0,124.0,0.99162,3.15,,12.8,7.0
6.0,0.28,0.27,15.5,,31.0,,0.99408,3.19,,,7.0
4.4,0.32,0.39,4.3,,31.0,127.0,,3.46,0.36,,8.0
5.8,0.315,0.27,1.55,,15.0,70.0,0.98994,,0.4,,8.0
7.0,0.28,0.36,,,8.0,70.0,,,,,6.0
4.8,0.34,0.0,6.5,0.028,33.0,163.0,,3.36,0.61,9.9,6.0
7.2,0.2,0.36490190029144287,10.0,0.054,49.0,165.0,0.997,3.4,0.42,,6.0
5.0,0.255,0.22,2.7,,46.0,,,,0.76,,6.0
,0.255,0.44,12.3,,,,,3.24,0.54,,6.0
7.5,0.38,0.33,,,19.0,,,3.08,,,6.0
6.2,0.32,0.45,2.9,,37.0,,,3.25,0.6,,6.0
7.3,0.51,0.2591966986656189,3.3,0.09,7.0,,0.9944,3.01,,8.8,5.0
6.8,0.18,0.3,12.8,0.062,19.0,,,,,,7.0
7.0,0.23,0.26,7.2,0.041,21.0,90.0,,,0.55,,6.0
7.2,0.15,0.38,1.2,0.038,18.0,110.0,0.9917,3.19,0.43,,6.0
7.4,0.18,0.4,1.6,0.047,22.0,102.0,0.9937,3.28,0.44,10.7,5.0
7.4,0.33,0.26,2.6,0.04,29.0,,,3.07,,,7.0
5.2,,0.29008767008781433,,,18.0,96.0,,3.56,,,8.0
6.7,0.16,0.3423500657081604,12.5,0.035,18.0,156.0,,2.88,,,6.0
6.0,0.27,0.26,1.3,,32.0,138.0,,3.46,,,6.0
7.2,0.55,0.09,1.5,,16.0,151.0,,3.07,0.57,,4.0
6.4,0.22,0.32,12.0,,57.0,158.0,,3.6,,,6.0
6.3,,0.27,2.5,,40.0,,,3.35,0.6,11.9,7.0
6.7,0.61,0.21,1.65,,40.0,,0.9938,3.11,0.57,9.3,5.0
7.0,0.12,0.28,,,17.0,103.0,,3.5,0.44,9.6,5.0
9.2,0.28,0.49,11.8,0.042,29.0,137.0,,3.1,0.34,10.1,4.0
6.7,0.18,0.28,,0.039,29.0,115.0,,3.11,0.45,10.9,7.0
7.4,0.25,0.49,1.1,,35.0,156.0,,3.13,0.55,,5.0
5.7,0.26,0.24,17.8,,23.0,,,3.3,,,5.0
6.3,0.16,0.33673858642578125,1.6,0.033,59.0,148.0,0.9914,3.44,0.53,11.4,5.0
6.4,0.25,0.33,1.4,0.04,42.0,,,3.19,,,7.0
,0.31,0.33,12.7,,,,,,,,6.0
7.4,0.24,0.42,14.0,0.066,48.0,198.0,,,0.42,,6.0
6.0,0.34,0.32,3.8,0.044,13.0,116.0,,3.39,,,7.0
6.7,0.21,0.49,,,30.0,114.0,,2.92,,,7.0
7.5,0.23,0.68,,0.047,37.0,133.0,0.9978,2.99,0.38,8.8,5.0
6.4,0.24,0.28,,,34.0,,0.9969,,,,5.0
7.0,0.36,0.3313220143318176,10.5,0.045,35.0,135.0,,,0.33,11.6,8.0
8.8,0.33,0.35419416427612305,6.35,0.024,9.0,87.0,0.9917,2.96,0.4,12.6,7.0
5.7,,0.32,0.9,,38.0,121.0,,3.24,0.46,,6.0
7.3,0.22,0.37,15.5,0.048,70.0,203.0,,3.25,0.77,,5.0
8.4,0.27,0.3774423897266388,,,36.0,129.0,,,,,6.0
6.6,0.16,0.3363800644874573,9.8,,59.5,,,3.16,0.38,10.0,6.0
6.4,0.32,0.35,,0.03,34.0,101.0,,3.36,0.6,,8.0
7.4,0.17,0.29,,,23.0,,0.9939,3.52,0.65,,6.0
6.6,0.36,0.3098526895046234,,0.046,8.0,110.0,0.9966,3.07,0.46,,5.0
6.5,0.22,0.25,,,44.0,,,,0.37,,5.0
5.3,0.32,0.12,,0.043,22.0,141.0,,3.36,,,6.0
6.4,0.41,0.2204807549715042,6.1,,20.0,70.0,0.99362,,0.42,,5.0
6.3,0.24,0.35,,0.039,43.0,,,3.34,0.44,11.8,6.0
5.8,0.54,0.0,1.4,,,107.0,,3.26,0.35,,5.0
9.4,0.28,0.3,1.6,0.045,36.0,139.0,0.99534,3.11,0.49,9.3,5.0
6.5,0.21,0.3280046284198761,,,33.0,101.0,0.9927,3.12,0.38,,6.0
6.15,,0.37,,,20.0,80.0,0.99076,,0.47,12.0,5.0
7.1,0.28,0.44,1.8,,32.0,107.0,0.9907,3.25,0.48,,7.0
5.9,0.13,0.28,1.9,0.05,20.0,78.0,0.9918,3.43,0.64,,6.0
6.8,0.3,0.29,,,29.0,95.0,,3.03,0.32,,7.0
7.4,0.25,0.36,2.05,,31.0,100.0,,3.19,,10.8,6.0
6.3,0.25,0.31865745782852173,3.3,0.048,41.0,161.0,0.99256,,0.5,10.5,6.0
7.8,0.3,0.3719616234302521,16.85,,23.0,135.0,,3.16,0.38,,6.0
7.4,0.38,0.3388361632823944,7.5,0.041,24.0,160.0,0.99535,3.17,0.43,,5.0
7.4,0.16,0.49,1.2,0.055,18.0,150.0,0.9917,,,,6.0
7.2,0.27,0.28,15.2,0.046,6.0,41.0,,3.17,,,6.0
6.8,,0.3557513356208801,,,50.0,163.0,0.9979,3.03,,,6.0
8.4,0.22,0.3563545346260071,8.9,0.024,17.0,118.0,,2.99,0.34,,6.0
8.1,0.17,0.44,14.1,0.053,43.0,145.0,,3.28,0.75,,8.0
6.7,0.2,0.3313862681388855,6.5,,28.0,100.0,,3.12,,10.2,6.0
6.8,0.14,0.18,,,30.0,90.0,0.99164,3.27,,11.2,6.0
7.1,0.24,0.41,17.8,,,145.0,0.9998,3.32,0.39,,5.0
8.2,0.4,0.48,13.7,0.042,59.0,169.0,0.9986,3.1,0.52,9.4,5.0
7.6,0.32,0.58,,,43.0,163.0,,3.15,0.54,9.2,5.0
6.4,0.16,0.25,,,20.0,77.0,,3.61,0.54,,
6.3,0.14,0.39,,0.044,26.0,116.0,0.992,3.26,0.53,10.3,6.0
7.1,0.3,0.46,1.5,0.066,29.0,133.0,0.9906,3.12,,12.7,6.0
6.7,,0.31,,0.04,10.0,175.0,0.9953,3.46,0.55,,
6.6,0.33,0.24,16.05,,,,,3.08,0.52,9.2,5.0
6.2,0.28,0.3196529746055603,,,,206.0,,,,,5.0
6.6,0.24,0.38,,,8.0,74.0,,3.1,0.57,12.9,6.0
7.0,0.12,0.32,,0.058,22.0,89.0,,3.29,,9.2,6.0
6.9,0.14,0.38,1.0,0.041,22.0,81.0,,3.03,,,6.0
7.2,0.25,0.28,,0.055,55.0,205.0,,3.12,,,7.0
,0.32,0.32,8.3,,32.0,105.0,0.99266,,0.47,,6.0
7.8,0.3,0.29,,0.054,23.0,135.0,,3.16,0.38,,6.0
7.4,0.16,0.27,,,25.0,135.0,0.9984,2.9,0.43,,7.0
6.4,0.27,0.19,2.0,0.084,21.0,,,3.49,,,4.0
8.0,0.24,0.33,1.2,,28.0,101.0,,3.03,0.43,,6.0
7.2,0.34,0.3,8.4,0.051,40.0,167.0,,3.48,0.62,,5.0
6.2,0.12,0.26,5.7,0.044,56.0,158.0,,3.52,,10.5,6.0
6.9,0.4,0.37,,,36.0,148.0,0.996,3.16,,,5.0
6.8,,0.3,4.2,,38.0,165.0,,3.2,0.42,,5.0
5.6,0.23,0.25,8.0,0.043,31.0,101.0,,3.19,,10.4,6.0
5.8,0.23,0.31,,,35.0,158.0,0.98998,3.19,0.37,,7.0
8.3,0.24,0.27,,0.03,22.0,162.0,,2.99,,,6.0
6.2,0.17,0.3,1.1,0.037,,79.0,,3.5,0.54,,6.0
6.4,0.27,0.49,,,53.0,,,,0.43,,6.0
6.0,0.28,0.27,,,50.0,147.0,,3.27,0.56,11.6,6.0
6.4,0.35,0.28,12.6,,19.0,,0.99539,3.2,0.43,,6.0
6.5,,0.25,17.3,,15.0,110.0,0.99828,3.15,,9.2,
6.1,0.16,0.24,1.4,,17.0,,,3.66,,10.3,6.0
5.7,0.2,0.3,,0.046,38.0,125.0,0.99276,3.34,0.5,,6.0
7.6,0.21,0.44,1.9,,10.0,119.0,,3.01,0.7,,6.0
6.4,0.23,0.35,10.3,0.042,,140.0,,3.23,0.47,9.2,5.0
7.5,0.27,0.31,5.8,,131.0,313.0,,,0.59,,5.0
6.9,0.21,0.81,1.1,,52.0,123.0,,3.03,0.39,,6.0
5.9,0.22,0.38,1.3,0.046,24.0,90.0,0.99232,,,,6.0
8.3,0.16,0.3712531626224518,7.9,,38.0,107.0,,,0.37,11.9,6.0
6.5,0.37,0.33,3.9,0.027,40.0,130.0,,,0.39,12.7,7.0
6.8,,0.3436043858528137,9.85,0.055,41.0,103.0,,2.98,0.56,,6.0
6.9,0.25,0.26,,,36.0,135.0,,3.16,0.72,,7.0
6.5,0.46,0.41,,,59.0,222.0,0.9993,3.18,0.58,,5.0
6.2,,0.3084458112716675,1.9,,4.0,117.0,,3.4,0.44,12.2,5.0
5.6,0.2,0.3132082223892212,10.2,0.043,78.0,175.0,0.9945,2.98,,,7.0
7.6,0.26,0.47,,,5.0,,,,0.45,9.6,5.0
6.5,0.28,0.3447228968143463,,,55.0,,0.9978,3.23,,,6.0
6.0,0.32,0.12,,,34.0,190.0,0.9944,3.16,,,5.0
7.0,0.29,0.26,1.6,,12.0,87.0,0.9923,3.08,,,6.0
6.4,0.24,0.33128994703292847,1.0,0.038,18.0,,,3.3,,,5.0
9.8,0.36,0.45,1.6,0.042,,124.0,,2.93,0.46,,
6.4,0.3,0.16,7.5,,55.0,191.0,0.9959,3.17,0.49,9.0,5.0
6.4,0.55,0.26,9.6,,20.0,104.0,,,0.73,,6.0
6.6,0.25,0.31,1.5,,32.0,,0.9921,3.41,,11.3,6.0
5.3,0.4,0.24599528312683105,,0.031,,130.0,0.99072,3.31,,,7.0
6.3,0.17,0.32,,0.04,37.0,117.0,,3.24,0.43,11.3,6.0
7.3,0.39,0.37,1.1,,36.0,113.0,,,,,8.0
6.8,0.21,0.4,6.3,0.032,40.0,121.0,,3.18,,,7.0
6.6,0.35,0.31913453340530396,6.0,,31.0,150.0,0.99537,3.1,,,6.0
7.6,0.19,0.38,10.6,,48.0,174.0,,3.13,0.38,10.5,6.0
6.9,0.18,0.33,1.0,,24.0,164.0,,3.42,0.51,,5.0
7.1,0.39,0.3,9.9,0.037,29.0,124.0,0.99414,3.07,0.42,10.9,6.0
7.9,0.14,0.45,1.8,,17.0,114.0,,,,10.7,7.0
7.5,0.32,0.49,1.7,0.031,44.0,109.0,0.9906,3.07,0.46,,6.0
6.2,0.3,0.26,13.4,,57.0,206.0,0.99775,3.17,0.43,9.5,6.0
7.7,0.28,0.33,,0.037,32.0,155.0,,3.39,,,7.0
7.1,0.21,0.35529476404190063,2.7,,23.0,111.0,,3.35,0.64,10.2,4.0
7.8,0.28,0.31,2.1,0.046,28.0,208.0,,,,,5.0
7.7,0.31,0.23,,,29.0,134.0,0.99382,,0.62,9.8,5.0
7.9,,0.3454170227050781,4.45,0.033,23.0,100.0,0.99117,,,12.7,6.0
6.0,,0.38,1.3,0.034,37.0,104.0,,3.11,0.52,,6.0
4.6,0.445,0.0,1.4,,11.0,178.0,,3.79,0.55,10.2,5.0
6.5,0.29,0.32,3.0,0.036,38.0,93.0,0.9906,3.16,,,6.0
7.3,0.26,0.33,17.85,0.049,41.5,195.0,,,0.44,,7.0
,0.24,0.33897852897644043,3.85,,105.0,179.0,,,0.59,11.3,8.0
7.5,0.27,0.36483117938041687,,,33.0,173.0,,3.09,0.64,,5.0
6.4,0.26,0.21,,,35.0,,0.9956,3.39,0.58,,6.0
6.5,0.3,0.28,11.45,0.041,29.0,109.0,0.99418,,0.3,,6.0
6.2,0.28,0.3167644143104553,5.0,,50.0,188.0,,3.23,0.64,,6.0
6.0,0.32,0.2935643494129181,,,40.0,186.0,0.99235,,0.54,,
5.8,0.26,0.24,9.2,,55.0,152.0,,3.31,0.38,,5.0
6.5,0.32,0.45,7.7,0.022,31.0,97.0,,,,12.7,7.0
6.0,0.35,0.46,0.9,,,,0.98934,,,12.1,4.0
6.9,0.2,0.34858837723731995,1.9,0.043,25.0,136.0,0.9935,,0.6,10.1,4.0
7.9,0.27,0.27,1.7,,25.0,122.0,,2.97,,,6.0
8.5,0.25,0.27,,,31.0,92.0,,3.01,0.33,12.0,6.0
7.6,0.36,0.49,11.3,0.046,87.0,221.0,,3.01,,,5.0
5.2,0.24,0.45,3.8,0.027,21.0,128.0,0.992,3.55,,11.2,8.0
7.4,0.33,0.44,,0.05,40.0,,0.99679,3.12,0.52,,5.0
7.8,0.39,0.26,,,33.0,181.0,0.9955,3.04,0.42,,6.0
6.8,,0.35,5.4,0.054,53.0,143.0,,3.1,0.54,,7.0
7.5,0.26,0.36328792572021484,18.35,0.084,33.0,139.0,1.0011,3.17,0.39,,5.0
6.5,0.33,0.38,,0.047,30.0,148.0,0.98964,3.17,0.43,12.7,6.0
7.0,0.24,0.35,1.0,,42.0,104.0,,3.16,,,7.0
8.2,,0.29,,,47.0,187.0,,,,,6.0
7.3,0.13,0.27,4.6,0.08,34.0,172.0,,3.23,0.39,11.1,7.0
7.2,0.34,0.28,10.4,0.108,,,,,,9.4,5.0
8.2,0.61,0.45,5.4,0.03,15.0,118.0,,3.14,0.34,,5.0
7.3,0.26,0.31,,0.04,39.0,173.0,,3.19,0.51,11.4,6.0
7.0,0.36,0.25,5.7,,14.0,,,2.82,0.59,,6.0
6.4,0.37,0.49,,,53.0,243.0,0.9982,3.14,,,6.0
6.6,0.24,0.24,8.6,,25.0,135.0,,3.33,,10.3,6.0
6.6,0.56,0.22,8.9,,27.0,,,,0.51,9.1,5.0
7.8,0.3,0.34463363885879517,4.6,0.024,20.0,198.0,0.99222,3.06,0.66,,6.0
,0.57,0.29,,0.04,15.0,77.0,0.9938,3.32,,,5.0
6.2,0.28,0.22,7.3,0.041,26.0,157.0,,,,,7.0
6.4,0.5,0.2058713436126709,12.9,,26.0,138.0,,3.28,0.33,9.0,5.0
6.4,0.24,0.25,20.2,0.083,35.0,157.0,0.99976,,,,5.0
9.2,0.18,0.49,1.5,,39.0,130.0,,3.04,0.49,,7.0
,0.14,0.35,1.2,0.036,15.0,73.0,,3.46,0.39,9.9,5.0
8.6,0.16,0.38,3.4,,41.0,143.0,,2.95,0.39,,6.0
5.0,0.235,0.27,,,34.0,118.0,,,0.5,,6.0
6.9,0.3,0.3347970247268677,4.1,,26.0,155.0,0.9925,3.25,0.79,,8.0
7.3,0.33,0.4,6.85,0.038,32.0,138.0,0.992,3.03,0.3,,7.0
7.5,0.22,0.33,6.7,,45.0,138.0,,3.2,,,6.0
6.2,0.16,0.47,1.4,0.029,23.0,81.0,,,0.42,12.2,6.0
7.1,,0.4,14.55,,47.0,156.0,,3.34,0.78,9.1,6.0
7.5,0.28,0.78,,0.041,53.0,161.0,,,0.44,8.7,
6.8,0.26,0.46,,0.037,49.0,173.0,,,0.47,9.3,5.0
9.4,0.26,0.53,,0.047,25.0,109.0,,3.23,0.28,,6.0
5.8,0.36,0.38,0.9,,3.0,75.0,0.9904,3.28,,,4.0
6.2,,0.49,4.5,,17.0,90.0,,3.27,0.37,,6.0
6.4,0.14,0.3221394717693329,7.9,,21.0,82.0,,3.26,,10.0,6.0
5.8,0.26,0.29,1.0,0.042,35.0,101.0,,,0.48,,7.0
6.6,0.46,0.49,7.4,0.052,19.0,184.0,0.9956,3.11,,9.0,5.0
6.4,0.31,0.5,5.8,,42.0,111.0,0.99189,3.18,,,7.0
6.2,0.16,0.33,1.1,0.057,21.0,82.0,,3.32,,,7.0
7.1,0.18,0.39,14.5,,48.0,156.0,,3.35,,,5.0
7.3,0.18,0.36860784888267517,1.0,,26.0,,,,0.37,11.7,
7.7,0.26,0.32,1.2,0.04,26.0,117.0,,3.21,0.56,,5.0
6.6,0.38,0.29,2.9,,15.0,,,3.04,,,6.0
7.2,0.19,0.27,,0.061,46.0,149.0,0.99772,,0.59,,6.0
5.9,0.22,0.3,1.3,0.052,42.0,86.0,,3.31,0.47,,6.0
7.1,0.3,0.36,6.8,,44.5,234.0,,3.49,0.64,,6.0
6.3,0.23,0.21,5.1,0.035,29.0,142.0,,3.36,0.33,,7.0
6.7,0.24,0.41,8.7,,29.0,148.0,0.9952,,,,6.0
6.5,0.19,0.1,1.3,0.046,23.0,107.0,,3.29,0.45,,5.0
6.7,0.2,0.3228261172771454,6.5,0.044,28.0,100.0,,,0.33,10.2,6.0
5.6,0.46,0.16716855764389038,4.8,,,72.0,,,0.37,,6.0
8.5,0.24,0.39,10.4,,20.0,,,3.2,0.53,10.0,6.0
6.4,0.39,0.21,1.2,0.041,35.0,,,,,10.2,5.0
7.9,0.25,0.3841840624809265,11.4,,53.0,202.0,,3.11,0.57,9.6,6.0
6.8,0.32,0.23,3.3,,31.0,99.0,,3.1,,12.4,6.0
6.3,0.24,0.29,13.7,0.035,53.0,134.0,0.99567,3.17,0.38,,
6.6,0.16,0.35,1.8,,26.0,105.0,,3.19,0.75,12.4,7.0
6.1,0.28,0.32,,,23.0,,0.9935,3.27,0.6,,5.0
6.0,0.38,0.26,3.5,0.035,38.0,,0.98872,3.18,0.47,13.6,7.0
6.3,0.34,0.19,5.8,,22.0,145.0,,3.15,0.63,,5.0
5.6,0.18,0.3,10.2,0.028,28.0,131.0,,3.49,,10.8,7.0
6.5,0.36,0.16,1.3,0.054,11.0,107.0,,3.19,,,5.0
6.2,0.21,0.29,1.6,0.039,24.0,,0.99114,3.27,0.5,,6.0
8.2,0.34,0.36196640133857727,5.2,0.076,19.0,92.0,,2.95,0.39,,6.0
7.6,0.17,0.35739725828170776,4.6,0.05,23.0,98.0,,3.08,0.47,,6.0
5.5,0.62,0.33,1.7,0.037,24.0,118.0,,3.15,0.39,13.55,6.0
7.1,0.44,0.37,2.7,0.041,35.0,128.0,,3.07,0.43,,7.0
5.9,0.31,0.3,7.7,0.047,60.0,206.0,0.995,,0.39,,
6.0,0.24,0.33,2.5,,31.0,85.0,0.99014,3.13,0.5,,7.0
6.6,0.22,0.35516321659088135,17.3,,37.0,118.0,,,0.46,8.8,6.0
6.0,0.24,0.27,1.9,,40.0,170.0,,3.64,,10.0,7.0
7.8,0.22,0.26,9.0,0.047,,132.0,0.997,3.25,,10.2,6.0
6.9,0.27,0.4,14.0,0.05,64.0,227.0,,3.18,0.58,,
6.4,0.18,0.3286302089691162,,0.052,24.0,90.0,0.9963,3.35,0.49,,6.0
6.4,0.44,0.44,14.4,0.048,29.0,228.0,0.99955,3.26,0.54,,7.0
6.6,,0.35,7.7,,36.0,135.0,0.9938,3.19,0.37,10.5,5.0
6.4,0.5,0.2,,,19.0,112.0,0.99314,3.18,,,6.0
8.1,0.29,0.49,7.1,0.042,,,0.9944,3.14,0.41,,6.0
6.3,0.41,0.18,3.5,0.027,23.0,109.0,0.99018,,0.54,,8.0
6.0,0.25,0.4,5.7,0.052,56.0,152.0,0.99398,3.16,,,6.0
9.3,0.2,0.33,1.7,0.05,28.0,178.0,0.9954,,0.43,,4.0
6.2,0.76,0.01,3.2,0.041,18.0,120.0,0.99026,3.2,,,7.0
6.4,0.31,0.28,,,34.0,137.0,,3.22,0.38,,6.0
9.1,0.27,0.32,1.1,,15.0,151.0,0.9936,,0.41,,5.0
8.0,0.25,0.13,,0.036,49.0,,,2.96,0.46,,5.0
6.7,0.23,0.26,1.4,,,154.0,0.9934,,0.56,,6.0
7.4,0.4,0.41,14.1,0.053,37.0,194.0,,3.2,,9.4,6.0
6.5,0.28,0.35311663150787354,9.8,,61.0,180.0,0.9972,3.15,0.57,,4.0
6.4,,0.09,7.6,,34.0,144.0,0.9948,3.26,,10.1,6.0
6.9,0.28,0.3,1.6,0.047,46.0,132.0,,3.35,,,7.0
6.7,0.24,0.3459654450416565,12.3,,31.0,145.0,,3.36,0.4,9.5,5.0
6.6,0.26,0.46,6.9,0.047,,183.0,,3.2,,,5.0
7.2,0.19,0.39,1.2,0.036,32.0,85.0,0.9918,3.16,0.5,,5.0
6.4,0.15,0.25,7.8,0.05,13.0,68.0,0.99394,3.16,,,6.0
7.1,0.19,0.28,,,16.0,78.0,,,0.78,11.4,6.0
7.9,,0.49,5.2,,36.0,157.0,0.9953,3.18,0.48,10.6,6.0
6.0,0.28,0.49,6.8,0.048,61.0,222.0,,3.19,0.47,,5.0
7.2,0.32,0.33,1.4,,29.0,109.0,,3.15,,12.8,7.0
6.8,0.27,0.22,,0.034,16.0,116.0,,3.07,,,5.0
6.2,0.35,0.25,,,28.0,182.0,,,0.62,,6.0
8.9,0.32,0.49,1.6,0.05,17.0,131.0,0.9956,3.13,,,5.0
5.9,0.26,0.29,,0.046,34.0,116.0,,3.24,,,6.0
6.3,0.35,0.3,5.7,,,97.0,0.9927,3.27,0.41,,7.0
6.2,,0.5,6.5,,61.0,,0.9948,,0.45,9.6,5.0
6.0,0.28,0.27,2.3,0.051,,147.0,0.994,3.23,0.67,10.3,6.0
6.8,0.32,0.18,7.5,0.041,71.0,223.0,,3.14,,,5.0
8.5,0.28,0.34,13.8,,32.0,161.0,0.9981,3.13,0.4,,6.0
7.4,,0.34,12.2,,57.0,146.0,0.9973,3.16,0.37,,6.0
7.5,,0.72,,0.039,53.0,151.0,,3.03,0.46,8.9,5.0
6.8,0.21,0.74,1.2,,,111.0,,3.13,0.41,10.7,6.0
5.9,0.17,0.3,1.4,,25.0,119.0,,3.68,,10.5,6.0
7.1,0.23,0.28,1.9,,33.0,,,,0.31,,5.0
8.1,0.2,0.36,9.7,0.044,63.0,162.0,0.997,3.1,0.46,,
6.8,,0.4,,0.046,45.0,179.0,0.99583,3.2,0.49,9.3,5.0
6.6,0.34,0.34999439120292664,6.4,,47.0,240.0,0.9971,3.42,,,5.0
7.5,0.24,0.31,13.1,,26.0,180.0,,3.05,0.53,,6.0
7.9,0.14,0.3683781027793884,,,30.0,165.0,0.991,3.08,,,6.0
8.0,0.27,0.35869139432907104,,,41.0,103.0,,,0.45,12.4,6.0
7.2,0.31,0.5,,0.056,68.0,195.0,,3.01,0.47,,5.0
7.0,0.13,0.354176789522171,,0.042,,105.0,0.99581,3.05,,,6.0
7.2,,0.4,13.6,0.045,66.0,231.0,,,0.59,,6.0
5.7,0.135,0.3,4.6,,19.0,101.0,,3.31,0.42,,6.0
6.3,0.25,0.23,14.9,0.039,47.0,142.0,,3.14,0.35,9.7,6.0
7.5,0.32,0.37,,0.048,22.0,184.0,,3.09,0.43,,5.0
6.2,0.39,0.28589415550231934,4.8,0.037,45.0,138.0,,3.23,0.43,,7.0
7.2,0.21,0.3543911278247833,,0.043,37.0,213.0,,,0.5,,6.0
9.4,0.17,0.40344637632369995,,,14.0,94.0,,,0.61,,6.0
6.3,0.34,0.3236835300922394,14.7,,49.0,198.0,,3.23,0.46,,5.0
7.4,0.49,0.24,15.1,0.03,34.0,153.0,0.9953,,,12.0,
8.0,0.29,0.3909847140312195,11.7,0.035,40.0,131.0,,3.14,0.34,,5.0
7.8,0.24,0.3698568344116211,,0.046,33.0,160.0,,,,,6.0
7.0,0.14,0.49,5.9,,22.0,,0.9954,,0.36,,6.0
6.4,0.23,0.32980218529701233,7.9,0.05,,150.0,0.99488,,,9.3,6.0
,0.42,0.19,6.9,0.041,62.0,150.0,,,0.37,10.0,6.0
5.9,,0.25,11.3,0.052,,,0.997,3.24,0.44,9.5,6.0
7.5,0.21,0.3594205677509308,4.8,0.056,39.0,113.0,,3.11,,,
7.0,0.25,0.350494384765625,2.3,0.045,40.0,118.0,,3.16,0.48,,7.0
7.4,0.21,0.3,8.1,0.047,13.0,114.0,,3.12,0.35,,6.0
5.5,0.32,0.13,1.3,0.037,45.0,,0.99184,,,10.7,5.0
5.9,,0.28,0.7,,5.0,28.0,0.98985,3.13,,,5.0
6.5,0.28,0.33,,,51.0,190.0,0.9978,,0.51,,6.0
7.7,0.31,0.36,,,15.0,87.0,,3.11,0.48,,5.0
6.8,0.33,0.31,7.4,0.045,34.0,,,,0.55,12.2,6.0
6.4,0.29,0.18,15.0,0.04,21.0,116.0,,3.14,0.5,,5.0
6.4,,0.33,5.2,,30.0,,,3.26,0.58,11.1,
7.0,0.4,0.25,1.8,,51.0,189.0,0.99174,,0.55,,6.0
6.8,0.36,0.24,,,24.0,124.0,,3.27,,,7.0
6.3,0.41,0.29629021883010864,,,,164.0,0.9927,3.53,,,7.0
6.6,0.25,0.3,14.4,0.052,40.0,183.0,,3.02,,,6.0
7.8,0.26,0.49,,0.027,28.0,87.0,,3.03,0.32,11.3,7.0
6.3,0.23,0.33,1.5,0.036,15.0,105.0,0.991,3.32,0.42,,6.0
6.0,0.26,0.18,7.0,0.055,50.0,194.0,0.99591,3.21,0.43,,5.0
7.9,0.37,0.31,2.85,0.037,5.0,24.0,0.9911,3.19,0.36,11.9,6.0
6.2,0.33,0.14,4.8,0.052,27.0,128.0,0.99475,,,,
6.3,0.41,0.22,7.3,0.035,23.0,117.0,,3.2,0.39,11.94,7.0
8.3,0.22,0.38,,,32.0,126.0,1.0002,,0.5,,5.0
7.4,0.24,0.26,1.6,,53.0,150.0,,,0.5,9.9,7.0
6.5,0.27,0.19,6.6,,98.0,175.0,,3.16,0.34,,6.0
6.9,0.21,0.33,1.4,0.056,35.0,136.0,,3.63,0.78,,6.0
7.0,,0.23,,0.123,27.0,104.0,0.9954,,0.54,,6.0
6.8,0.11,0.34369462728500366,8.6,,45.0,104.0,0.99454,3.2,0.37,,6.0
6.4,0.27,0.45,8.3,0.05,52.0,196.0,,3.18,0.48,,5.0
6.4,0.23,0.35,4.6,0.039,43.0,147.0,,3.18,0.4,,7.0
5.7,0.335,0.34,,0.04,13.0,174.0,,3.27,0.66,10.0,5.0
5.6,0.18,0.28478187322616577,2.3,,5.0,47.0,,3.07,,,4.0
6.5,0.26,0.31,1.3,0.034,59.0,145.0,,3.16,,,6.0
6.6,,0.26,11.3,,32.0,110.0,,3.27,0.78,12.9,8.0
6.5,0.32,0.23,,,39.0,208.0,,3.18,0.46,9.9,6.0
7.7,0.43,0.3387044668197632,19.95,0.032,42.0,164.0,,3.29,0.5,12.0,6.0
5.3,0.3,0.16,4.2,,37.0,,0.9905,,,,8.0
6.7,0.16,0.3527165353298187,12.5,,18.0,156.0,0.99666,2.88,,,6.0
6.8,0.36,0.32,1.6,0.039,,124.0,,3.3,,9.6,5.0
6.7,0.39,0.31,2.7,0.054,,202.0,0.9948,,,,6.0
7.5,0.29,0.67,8.1,,53.0,166.0,0.9966,,0.41,,6.0
6.8,0.19,0.32,,,54.0,188.0,,,0.37,,
7.3,0.17,0.24,8.1,,32.0,,,3.17,0.38,,8.0
6.4,0.31,0.31,12.9,,55.0,161.0,,,0.59,10.2,5.0
5.8,0.27,0.22,,0.058,42.0,206.0,0.9946,3.32,,,6.0
